{
  "meta": {
    "name": "Dimensity 9200[22.09.04]",
    "author": "泉氿配置1"
  },
  "modules": {
    "switcher": {
      "switchInode": "/sdcard/Android/yc/uperf/cur_powermode.txt",
      "perapp": "/sdcard/Android/yc/uperf/perapp_powermode.txt",
      "hintDuration": {
        "idle": 0.0,
        "touch": 4.0,
        "trigger": 0.03,
        "gesture": 0.1,
        "switch": 0.4,
        "junk": 0.06
      }
    },
    "atrace": {
      "enable": false
    },
    "log": {
      "level": "info"
    },
    "input": {
      "enable": true,
      "swipeThd": 0.03,
      "gestureThdX": 0.03,
      "gestureThdY": 0.03,
      "gestureDelayTime": 2.0,
      "holdEnterTime": 1.0
    },
    "sfanalysis": {
      "enable": true,
      "renderIdleSlackTime": 0.2
    },
     "cpu": {
      "enable": true,
      "powerModel": [
        {
                    "efficiency": 140,
                    "nr": 4,
                    "typicalPower": 0.65,
                    "typicalFreq": 1.8,
                    "sweetFreq": 1.3,
                    "plainFreq": 0.7,
                    "freeFreq": 0.5
                },
                {
                    "efficiency": 340,
                    "nr": 3,
                    "typicalPower": 2.45,
                    "typicalFreq": 2.85,
                    "sweetFreq": 1.95,
                    "plainFreq": 1.3,
                    "freeFreq": 0.7
                },
                {
                    "efficiency": 450,
                    "nr": 1,
                    "typicalPower": 3.7,
                    "typicalFreq": 3.05,
                    "sweetFreq": 2.2,
                    "plainFreq": 1.6,
                    "freeFreq": 1.2
        }
      ]
    },
         "sysfs": {
            "enable": true,
            "knob": {
                "cpusetTa": "/dev/cpuset/top-app/cpus",
                "cpusetFg": "/dev/cpuset/foreground/cpus",
                "cpusetBg": "/dev/cpuset/background/cpus",
                "cpusetSysBg": "/dev/cpuset/system-background/cpus",
                "cpusetRe": "/dev/cpuset/restricted/cpus",
                "scaling_governor0": "/sys/devices/system/cpu/cpufreq/policy0/scaling_governor",
                "scaling_governor4": "/sys/devices/system/cpu/cpufreq/policy4/scaling_governor",
                "scaling_governor7": "/sys/devices/system/cpu/cpufreq/policy7/scaling_governor",
                "ddrmin": "/sys/class/devfreq/mtk-dvfsrc-devfreq/min_freq",
                "ddrmax": "/sys/class/devfreq/mtk-dvfsrc-devfreq/max_freq",
                "gpu_loading": "/sys/module/ged/parameters/gpu_loading",
                "gpu_block": "/sys/module/ged/parameters/gpu_block",
                
                "thermal_policy": "/sys/class/thermal/thermal_message/sconfig",
                                
                "sched_child_runs_first": "/proc/sys/kernel/sched_child_runs_first",
                "sched_tunable_scaling": "/proc/sys/kernel/sched_tunable_scaling"
                
            }
        },
        "sched": {
    "enable": true,
    "cpumask": {
        "all": [0, 1, 2, 3, 4, 5, 6, 7],
        "c0": [0],
        "c1": [1],
        "c2": [2],
        "c3": [3],
        "c4": [4],
        "c5": [5],
        "c6": [6],
        "c7": [7]
    },
    "affinity": {
    "core0": {
            "fg": "c0",
            "bg": "c0",
            "idle": "c0",
            "touch": "c0",
            "boost": "c0"
        },
    "core1": {
            "fg": "c1",
            "bg": "c1",
            "idle": "c1",
            "touch": "c1",
            "boost": "c1"
        },
        "core2": {
            "fg": "c2",
            "bg": "c2",
            "idle": "c2",
            "touch": "c2",
            "boost": "c2"
        },
        "core3": {
            "fg": "c3",
            "bg": "c3",
            "idle": "c3",
            "touch": "c3",
            "boost": "c3"
        },
        "core4": {
            "fg": "c4",
            "bg": "c4",
            "idle": "c4",
            "touch": "c4",
            "boost": "c4"
        },
        "core6": {
            "fg": "c6",
            "bg": "c6",
            "idle": "c6",
            "touch": "c6",
            "boost": "c6"
        },
        "core7": {
            "fg": "c7",
            "bg": "c7",
            "idle": "c7",
            "touch": "c7",
            "boost": "c7"
        },
        "core0-2": {
            "fg": "c0,c1,c2",
            "bg": "c0,c1,c2",
            "idle": "c0,c1,c2",
            "touch": "c0,c1,c2",
            "boost": "c0,c1,c2"
        },
        "core6-7": {
            "fg": "c6,c7",
            "bg": "c6,c7",
            "idle": "c6,c7",
            "touch": "c6,c7",
            "boost": "c6,c7"
        },
        "core4-5": {
            "fg": "c4,c5",
            "bg": "c4,c5",
            "idle": "c4,c5",
            "touch": "c4,c5",
            "boost": "c4,c5"
        },
        "core5-6": {
            "fg": "c5,c6",
            "bg": "c5,c6",
            "idle": "c5,c6",
            "touch": "c5,c6",
            "boost": "c5,c6"
        },
        "core5": {
            "fg": "c5",
            "bg": "c5",
            "idle": "c5",
            "touch": "c5",
            "boost": "c5"
        },
        "core0-1": {
            "fg": "c0,c1",
            "bg": "c0,c1",
            "idle": "c0,c1",
            "touch": "c0,c1",
            "boost": "c0,c1"
        },
       "core0-5": {
            "fg": "c0,c1,c2,c3,c4,c5",
            "bg": "c0,c1,c2,c3,c4,c5",
            "idle": "c0,c1,c2,c3,c4,c5",
            "touch": "c0,c1,c2,c3,c4,c5",
            "boost": "c0,c1,c2,c3,c4,c5"
        },
        "core0-4": {
            "fg": "c0,c1,c2,c3,c4",
            "bg": "c0,c1,c2,c3,c4",
            "idle": "c0,c1,c2,c3,c4",
            "touch": "c0,c1,c2,c3,c4",
            "boost": "c0,c1,c2,c3,c4"
        },
        "core3-6": {
            "fg": "c3,c4,c5,c6",
            "bg": "c3,c4,c5,c6",
            "idle": "c3,c4,c5,c6",
            "touch": "c3,c4,c5,c6",
            "boost": "c3,c4,c5,c6"
        },
        "core4-6": {
            "fg": "c4,c5,c6",
            "bg": "c4,c5,c6",
            "idle": "c4,c5,c6",
            "touch": "c4,c5,c6",
            "boost": "c4,c5,c6"
        },
        "core2-3": {
            "fg": "c2,c3",
            "bg": "c2,c3",
            "idle": "c2,c3",
            "touch": "c2,c3",
            "boost": "c2,c3"
        },
        "core0-3": {
            "fg": "c0,c1,c2,c3",
            "bg": "c0,c1,c2,c3",
            "idle": "c0,c1,c2,c3",
            "touch": "c0,c1,c2,c3",
            "boost": "c0,c1,c2,c3"
        },
        "core3-4": {
            "fg": "c3,c4",
            "bg": "c3,c4",
            "idle": "c3,c4",
            "touch": "c3,c4",
            "boost": "c3,c4"
        },
        "auto": {
            "fg": "all",
            "bg": "all",
            "idle": "all",
            "touch": "all",
            "boost": "all"
        },
        "norm": {
            "fg": "all",
            "bg": "all",
            "idle": "all",
            "touch": "all",
            "boost": "all"
        },
        "bg": {
            "fg": "c0,c1,c2,c3",
            "bg": "c0,c1,c2,c3",
            "idle": "c0,c1,c2,c3",
            "touch": "c0,c1,c2,c3",
            "boost": "c0,c1,c2,c3"
        },
        "ui": {
            "fg": "all",
            "bg": "c0,c1,c2,c3",
            "idle": "c0,c1,c2,c3",
            "touch": "c0,c1,c2,c3",
            "boost": "all"
        },
        "crit": {
            "fg": "all",
            "bg": "c0,c1,c2,c3",
            "idle": "c0,c1,c2,c3",
            "touch": "c0,c1,c2,c3",
            "boost": "c0,c1,c2,c3"
        },
        "gtcoop": {
            "fg": "all",
            "bg": "c0,c1,c2,c3",
            "idle": "c0,c1,c2,c3",
            "touch": "c0,c1,c2,c3",
            "boost": "all"
        },
        "gtmain": {
            "fg": "all",
            "bg": "c0,c1,c2,c3",
            "idle": "c0,c1,c2,c3",
            "touch": "c7",
            "boost": "all"
    },
     "powersave": {
            "fg": "c0,c1,c2,c3",  
            "bg": "c0,c1,c2,c3",
            "idle": "c0,c1,c2,c3",
           "touch": "c0,c1,c2,c3",
           "boost": "c0,c1,c2"
         }
     },
    "prio": {
        "auto": {
            "bg": -3,
            "fg": 120,
            "idle": 120,
            "touch": 98,
            "boost": 130
        },
        "bg": {
            "bg": -3,
            "fg": 139,
            "idle": 139,
            "touch": 139,
            "boost": 139
        },
        "norm": {
            "bg": -1,
            "fg": -1,
            "idle": 120,
            "touch": 120,
            "boost": 130
        },
        "coop": {
            "bg": -3,
            "fg": 124,
            "idle": 122,
            "touch": 122,
            "boost": 130
        },
        "ui": {
            "bg": -3,
            "fg": 120,
            "idle": 110,
            "touch": 98,
            "boost": 116
        },
        "rtusr": {
            "bg": 98,
            "fg": 98,
            "idle": 97,
            "touch": 97,
            "boost": 98
        },
        "rtsys": {
            "bg": 97,
            "fg": 97,
            "idle": 96,
            "touch": 96,
            "boost": 97
    },
          "powersave": {
            "bg": -5,    
            "fg": 110,   
            "idle": 110,
            "touch": 110,
            "boost": 120
         }
    },
    "rules": [
    {
      "name": "SurfaceFlinger",
      "regex": "/system/bin/surfaceflinger",
      "pinned": true,
      "rules": [
        {
          "k": "/MAIN_THREAD/",
          "ac": "crit",
          "pc": "auto"
        },
        {
          "k": "^(app|RenderEngine)",
          "ac": "crit",
          "pc": "auto"
        },
        {
          "k": "^Binder:",
          "ac": "auto",
          "pc": "auto"
        },
        {
          "k": ".",
          "ac": "bg",
          "pc": "auto"
        }
      ]
    },
    {
      "name": "SystemServer",
      "regex": "system_server",
      "pinned": true,
      "rules": [
        {
          "k": "^(TaskSnapshot|Greezer|CachedApp|SystemPressure|SensorService)|[Mm]emory",
          "ac": "powersave",
          "pc": "powersave"
        },
        {
          "k": "^Async",
          "ac": "auto",
          "pc": "norm"
        },
        {
          "k": ".",
          "ac": "auto",
          "pc": "auto"
        }
      ]
    },
    {
      "name": "Dynamic Response",
      "regex": "/LAUNCHER_PACKAGE/|com.android.systemui",
      "pinned": true,
      "rules": [
        {
          "k": "InputDispatcher",
          "ac": "core0-5",
          "pc": "bg",
          "dynamic_boost": {
            "duration": 900,
            "freq_boost": "+35%"
          }
        }
      ]
    },
    {
      "name": "SystemUI",
      "regex": "com.android.systemui",
      "pinned": true,
      "rules": [
        {
          "k": "/MAIN_THREAD/",
          "ac": "core4-5",
          "pc": "ui"
        },
        {
          "k": "^RenderThread$",
          "ac": "core4-5",
          "pc": "ui"
        },
        {
          "k": "^(Jit thread pool|HeapTaskDaemon|FinalizerDaemon|ReferenceQueueD)",
          "ac": "core0-1",
          "pc": "bg",
          "cpu_quota": "30%"
        },
        {
          "k": "^(NotificationThread|StatusBarThread|NavBarThread)",
          "ac": "core0-3",
          "pc": "bg"
        },
        {
          "k": ".",
          "ac": "auto",
          "pc": "auto"
        }
      ]
    },
    {
      "name": "MediaProvider",
      "regex": "^com.android.providers.media",
      "pinned": true,
      "rules": [
        {
          "k": ".",
          "ac": "auto",
          "pc": "bg"
        }
      ]
    },
    {
      "name": "Memory reclaim",
      "regex": "swapd|compactd",
      "pinned": true,
      "rules": [
        {
          "k": ".",
          "ac": "auto",
          "pc": "bg"
        }
      ]
    },
    {
      "name": "Phone",
      "regex": "com.android.phone",
      "pinned": false,
      "rules": [
        {
          "k": ".",
          "ac": "auto",
          "pc": "auto"
        }
      ]
    },
    {
      "name": "Other system processes",
      "regex": "^(/system|/vendor|magiskd|zygiskd)|@|-service$",
      "pinned": true,
      "rules": [
        {
          "k": ".",
          "ac": "auto",
          "pc": "auto"
        }
      ]
    },
    {
      "name": "App co-process",
      "regex": "[.].+:",
      "pinned": true,
      "rules": [
        {
          "k": "^(Jit thread pool|HeapTaskDaemon|FinalizerDaemon|ReferenceQueueD)",
          "ac": "bg",
          "pc": "auto"
        }
      ]
    },
    {
      "name": "Default rule",
      "regex": ".",
      "pinned": false,
      "rules": [
        {
          "k": "/MAIN_THREAD/",
          "ac": "core4-5",
          "pc": "ui"
        },
        {
          "k": "^(UnityMain|RenderThread |GameThread)",
          "ac": "gtmain",
          "pc": "auto"
        },
        {
          "k": "^(Unity|Worker Thread|TaskGraph|RHIThread|GLThread|Thread-|Job.Worker|VulkanRenderThread)",
          "ac": "gtcoop",
          "pc": "auto"
        },
        {
          "k": "^(RenderThread|JNISurfaceText|IJK_External_Re)|[Aa]nim|([.]raster|[.]ui)$",
          "ac": "core4-5",
          "pc": "ui"
        },
        {
          "k": "^(Chrome_InProc|CrRendererMain|CrGpuMain|CompositorTile)",
          "ac": "core4-5",
          "pc": "ui"
        },
        {
          "k": "^(Viz|Chrome_|Compositor)|[Vv]sync|mali-",
          "ac": "core4-5",
          "pc": "ui"
        },
        {
          "k": "^(OkHttp|Ysa|Xqa|Rx|APM|TVKDL-|tp-|cgi-|ODCP-|Bugly|xlog_)",
          "ac": "core0-2",
          "pc": "bg",
          "cpu_quota": "35%"
        },
        {
          "k": "^(xg_vip_service|Profile|SearchDaemon|default_matrix|FrameDecoder|FrameSeq)",
          "ac": "core0-2",
          "pc": "bg",
          "cpu_quota": "40%"
        },
        {
          "k": "^(GPU completion|HWC release|hwui|FramePolicy|ScrollPolicy|ged-swd)",
          "ac": "core0-3",
          "pc": "rtusr"
        },
        {
          "k": "^(JS|libweexjsb|WeexJsBridge|mqt_native|mqt_js|JavaScriptTh)",
          "ac": "core0-3",
          "pc": "coop"
        },
        {
          "k": "^(pool-|glide-|launcher-|Fresco)|[Dd]ownload|[Ss]chedule|[Ww]ork|[Pp]ool|[Dd]efau",
          "ac": "core0-3",
          "pc": "coop"
        },
        {
          "k": "^(Jit thread pool|HeapTaskDaemon|FinalizerDaemon|ReferenceQueueD)",
          "ac": "core0-1",
          "pc": "bg",
          "cpu_quota": "30%"
        },
        {
          "k": ".",
          "ac": "core0-3",
          "pc": "auto"
                        }
                    ]
                }
            ]
        }
    },
    "initials": {
        "cpu": {
            "baseSampleTime": 0.01,
            "baseSlackTime": 0.01,
            "latencyTime": 0.5,
            "slowLimitPower": 1.0, 
            "fastLimitPower": 2.0,    
            "fastLimitCapacity": 5.0,
            "fastLimitRecoverScale": 0.05,
            "predictThd": 0.35,
            "margin": 0.06,
            "burst": 0.0,
            "guideCap": true,
            "limitEfficiency": true
        },
        "sysfs": {
            "cpusetTa": "0-7",
            "cpusetFg": "0-7",
            "cpusetBg": "0-1",
            "cpusetSysBg": "0-3",
            "cpusetRe": "0-7",
            "scaling_governor0": "schedutil",
            "scaling_governor4": "schedutil",
            "scaling_governor7": "schedutil"
        },
        "sched": {
            "scene": "idle"
        }
    },
    "presets": {
    "balance": {
        "*": {
            "cpu.latencyTime": 0.5,
            "cpu.slowLimitPower": 2.5,
            "cpu.fastLimitPower": 4.0,
            "cpu.fastLimitCapacity": 3.0,
            "cpu.margin": 0.1,
            "sysfs.scaling_governor0": "schedutil",
            "sysfs.scaling_governor4": "schedutil",
            "sysfs.scaling_governor7": "schedutil"
        },
        "idle": {
        "cpu.baseSampleTime": 0.03,
        "cpu.baseSlackTime": 0.07,
        "cpu.predictThd": 0.3,
        "cpu.limitEfficiency": true,
        "sched.scene": "idle"
      },
      "touch": {
        "cpu.baseSampleTime": 0.03,
        "sched.scene": "touch"
      },
      "trigger": {
        "cpu.latencyTime": 0.0,
        "cpu.margin": 0.4,
        "sched.scene": "touch"
      },
      "gesture": {
        "cpu.margin": 0.6,
        "sched.scene": "touch"
      },
      "junk": {
        "cpu.margin": 0.35,
        "sched.scene": "touch"
      },
      "switch": {
        "cpu.latencyTime": 0.0,
        "cpu.slowLimitPower": 3.0,
        "cpu.fastLimitPower": 5.0,
        "cpu.fastLimitRecoverScale": 0.1,
        "cpu.margin": 0.8,
        "cpu.burst": 0.1,
        "sched.scene": "boost"
        }
    },
    "powersave": {
        "*": {
            "cpu.latencyTime": 5,
            "cpu.slowLimitPower": 0.5,
            "cpu.fastLimitPower": 0.8,
            "cpu.fastLimitCapacity": 4.0,
            "cpu.margin": 0.2,
            "sysfs.scaling_governor0": "powersave",
            "sysfs.scaling_governor4": "powersave",
            "sysfs.scaling_governor7": "powersave"
        },
        "idle": {
        "cpu.baseSampleTime": 0.03,
        "cpu.baseSlackTime": 0.07,
        "cpu.predictThd": 1.0,
        "cpu.limitEfficiency": true,
        "sched.scene": "idle"
      },
      "touch": {
        "cpu.baseSampleTime": 0.03,
        "sched.scene": "touch"
      },
      "trigger": {
        "cpu.latencyTime": 0.0,
        "cpu.margin": 0.3,
        "sched.scene": "touch"
      },
      "gesture": {
        "cpu.margin": 0.6,
        "sched.scene": "touch"
      },
      "junk": {
        "cpu.margin": 0.2,
        "sched.scene": "touch"
      },
      "switch": {
        "cpu.latencyTime": 0.0,
        "cpu.slowLimitPower": 1.5,
        "cpu.fastLimitPower": 2.5,
        "cpu.fastLimitRecoverScale": 0.1,
        "cpu.margin": 0.8,
        "cpu.burst": 0.1,
        "sched.scene": "boost"
        }
    },
    "performance": {
        "*": {
            "cpu.latencyTime": 0.2,
            "cpu.slowLimitPower": 2.5,
            "cpu.fastLimitPower": 4.0,
            "cpu.fastLimitCapacity": 360.0,
            "cpu.margin": 0.4,
            "sysfs.scaling_governor0": "performance",
            "sysfs.scaling_governor4": "performance",
            "sysfs.scaling_governor7": "performance"
        },
        "idle": {
        "cpu.baseSampleTime": 0.01,
        "cpu.baseSlackTime": 0.04,
        "sched.scene": "idle"
      },
      "touch": {
        "sched.scene": "touch"
      },
      "trigger": {
        "cpu.margin": 0.8,
        "sched.scene": "touch"
      },
      "gesture": {
        "cpu.margin": 0.8,
        "sched.scene": "touch"
      },
      "junk": {
        "cpu.burst": 0.7,
        "sched.scene": "touch"
      },
      "switch": {
        "cpu.burst": 0.3,
        "sched.scene": "boost"
        }
    },
    "fast": {
        "*": {
            "cpu.latencyTime": 0.01,
            "cpu.slowLimitPower": 999,
            "cpu.fastLimitPower": 999,
            "cpu.fastLimitCapacity": 999,
            "cpu.margin": 0.8,
            "sysfs.scaling_governor0": "performance",
            "sysfs.scaling_governor4": "performance",
            "sysfs.scaling_governor7": "performance"
        },
        "idle": {
        "cpu.baseSampleTime": 0.01,
        "cpu.baseSlackTime": 0.04,
        "sched.scene": "idle"
      },
      "touch": {
        "sched.scene": "touch"
      },
      "trigger": {
        "cpu.margin": 0.8,
        "sched.scene": "touch"
      },
      "gesture": {
        "cpu.margin": 0.8,
        "sched.scene": "touch"
      },
      "junk": {
        "cpu.burst": 0.7,
        "sched.scene": "touch"
      },
      "switch": {
        "cpu.burst": 0.3,
        "sched.scene": "boost"
            }
        }
    }
}