{
  "meta": {
    "name": "Helio G90T(mt6785)[22.09.04]",
    "author": "泉氿配置1"
  },
  "modules": {
    "switcher": {
      "switchInode": "/sdcard/Android/yc/uperf/cur_powermode.txt",
      "perapp": "/sdcard/Android/yc/uperf/perapp_powermode.txt",
      "hintDuration": {
        "idle": 0.0,
        "touch": 4.0,
        "trigger": 0.03,
        "gesture": 0.1,
        "switch": 0.4,
        "junk": 0.06
      }
    },
    "atrace": {
      "enable": false
    },
    "log": {
      "level": "info"
    },
    "input": {
      "enable": true,
      "swipeThd": 0.03,
      "gestureThdX": 0.03,
      "gestureThdY": 0.03,
      "gestureDelayTime": 2.0,
      "holdEnterTime": 1.0
    },
    "sfanalysis": {
      "enable": true,
      "renderIdleSlackTime": 0.2
    },
    "cpu": {
      "enable": true,
      "powerModel": [
        {
          "efficiency": 100, 
          "nr": 6, 
          "typicalPower": 0.8, 
          "typicalFreq": 1.0, 
          "sweetFreq": 1.4, 
          "plainFreq": 1.4, 
          "freeFreq": 0.9
        }, 
        {
          "efficiency": 250, 
          "nr": 2, 
          "typicalPower": 1.75, 
          "typicalFreq": 1.6, 
          "sweetFreq": 1.2, 
          "plainFreq": 0.8, 
          "freeFreq": 0.6
        }
      ]
    },
    "sysfs": {
            "enable": true,
            "knob": {
                "cpusetTa": "/dev/cpuset/top-app/cpus",
                "cpusetFg": "/dev/cpuset/foreground/cpus",
                "cpusetBg": "/dev/cpuset/background/cpus",
                "cpusetSysBg": "/dev/cpuset/system-background/cpus",
                "cpusetRe": "/dev/cpuset/restricted/cpus",
                "scaling_governor0": "/sys/devices/system/cpu/cpufreq/policy0/scaling_governor",
                "scaling_governor6": "/sys/devices/system/cpu/cpufreq/policy6/scaling_governor"
      }
    },
    "sched": {
    "enable": true,
    "cpumask": {
        "all": [0, 1, 2, 3, 4, 5, 6, 7],
        "c0": [0],
        "c1": [1],
        "c2": [2],
        "c3": [3],
        "c4": [4],
        "c5": [5],
        "c6": [6],
        "c7": [7]
    },
    "affinity": {
    "core1": {
            "fg": "c1",
            "bg": "c1",
            "idle": "c1",
            "touch": "c1",
            "boost": "c1"
        },
        "core7": {
            "fg": "c7",
            "bg": "c7",
            "idle": "c7",
            "touch": "c7",
            "boost": "c7"
        },
        "core6": {
            "fg": "c4",
            "bg": "c4",
            "idle": "c4",
            "touch": "c4",
            "boost": "c4"
        },
        "core0-2": {
            "fg": "c0,c1,c2",
            "bg": "c0,c1,c2",
            "idle": "c0,c1,c2",
            "touch": "c0,c1,c2",
            "boost": "c0,c1,c2"
        },
        "core6-7": {
            "fg": "c6,c7",
            "bg": "c6,c7",
            "idle": "c6,c7",
            "touch": "c6,c7",
            "boost": "c6,c7"
        },
        "core4-5": {
            "fg": "c4,c5",
            "bg": "c4,c5",
            "idle": "c4,c5",
            "touch": "c4,c5",
            "boost": "c4,c5"
        },
        "core5": {
            "fg": "c5",
            "bg": "c5",
            "idle": "c5",
            "touch": "c5",
            "boost": "c5"
        },
        "core0-1": {
            "fg": "c0,c1",
            "bg": "c0,c1",
            "idle": "c0,c1",
            "touch": "c0,c1",
            "boost": "c0,c1"
        },
       "core0-5": {
            "fg": "c0,c1,c2,c3,c4,c5",
            "bg": "c0,c1,c2,c3,c4,c5",
            "idle": "c0,c1,c2,c3,c4,c5",
            "touch": "c0,c1,c2,c3c4,c5",
            "boost": "c0,c1,c2,c3c4,c5"
        },
        "core4-6": {
            "fg": "c4,c5,c6",
            "bg": "c4,c5,c6",
            "idle": "c4,c5,c6",
            "touch": "c4,c5,c6",
            "boost": "c4,c5,c6"
        },
        "core2-3": {
            "fg": "c2,c3",
            "bg": "c2,c3",
            "idle": "c2,c3",
            "touch": "c2,c3",
            "boost": "c2,c3"
        },
        "core0-3": {
            "fg": "c0,c1,c2,c3",
            "bg": "c0,c1,c2,c3",
            "idle": "c0,c1,c2,c3",
            "touch": "c0,c1,c2,c3",
            "boost": "c0,c1,c2,c3"
        },
        "core3-4": {
            "fg": "c3,c4",
            "bg": "c3,c4",
            "idle": "c3,c4",
            "touch": "c3,c4",
            "boost": "c3,c4"
        },
        "auto": {
            "fg": "all",
            "bg": "all",
            "idle": "all",
            "touch": "all",
            "boost": "all"
        },
        "norm": {
            "fg": "all",
            "bg": "all",
            "idle": "all",
            "touch": "all",
            "boost": "all"
        },
        "bg": {
            "fg": "c0,c1,c2,c3",
            "bg": "c0,c1,c2,c3",
            "idle": "c0,c1,c2,c3",
            "touch": "c0,c1,c2,c3",
            "boost": "c0,c1,c2,c3"
        },
        "ui": {
            "fg": "all",
            "bg": "c0,c1,c2,c3",
            "idle": "c0,c1,c2,c3",
            "touch": "c0,c1,c2,c3",
            "boost": "all"
        },
        "crit": {
            "fg": "all",
            "bg": "c0,c1,c2,c3",
            "idle": "c0,c1,c2,c3",
            "touch": "c0,c1,c2,c3",
            "boost": "c0,c1,c2,c3"
        },
        "gtcoop": {
            "fg": "all",
            "bg": "c0,c1,c2,c3",
            "idle": "c0,c1,c2,c3",
            "touch": "c0,c1,c2,c3",
            "boost": "all"
        },
        "gtmain": {
            "fg": "all",
            "bg": "c0,c1,c2,c3",
            "idle": "c0,c1,c2,c3",
            "touch": "c7",
            "boost": "all"
        }
    },
    "prio": {
        "auto": {
            "bg": 0,
            "fg": 0,
            "idle": 0,
            "touch": 0,
            "boost": 0
        },
        "bg": {
            "bg": -3,
            "fg": 139,
            "idle": 139,
            "touch": 139,
            "boost": 139
        },
        "norm": {
            "bg": -1,
            "fg": -1,
            "idle": 120,
            "touch": 120,
            "boost": 130
        },
        "coop": {
            "bg": -3,
            "fg": 124,
            "idle": 122,
            "touch": 122,
            "boost": 130
        },
        "ui": {
            "bg": -3,
            "fg": 120,
            "idle": 110,
            "touch": 98,
            "boost": 116
        },
        "rtusr": {
            "bg": 98,
            "fg": 98,
            "idle": 97,
            "touch": 97,
            "boost": 98
        },
        "rtsys": {
            "bg": 97,
            "fg": 97,
            "idle": 96,
            "touch": 96,
            "boost": 97
        }
    },
            "rules": [
    {
      "name": "SurfaceFlinger",
      "regex": "/system/bin/surfaceflinger",
      "pinned": true,
      "rules": [
        {
          "k": "/MAIN_THREAD/",
          "ac": "crit",
          "pc": "auto"
        },
        {
          "k": "^(app|RenderEngine)",
          "ac": "crit",
          "pc": "auto"
        },
        {
          "k": "^Binder:",
          "ac": "auto",
          "pc": "auto"
        },
        {
          "k": ".",
          "ac": "bg",
          "pc": "auto"
        }
      ]
    },
    {
      "name": "SystemServer",
      "regex": "system_server",
      "pinned": true,
      "rules": [
        {
          "k": "^(TaskSnapshot|Greezer|CachedApp|SystemPressure|SensorService)|[Mm]emory",
          "ac": "bg",
          "pc": "auto"
        },
        {
          "k": "^Async",
          "ac": "auto",
          "pc": "norm"
        },
        {
          "k": ".",
          "ac": "auto",
          "pc": "auto"
        }
      ]
    },
    {
      "name": "Bluetooth Audio Fix",
      "regex": "com.android.bluetooth|media.audio",
      "pinned": true,
      "rules": [
        {
          "k": "AudioTrack|PlaybackThread",
          "ac": "core4-5",
          "pc": "rtusr",
          "latency_sensitive": true,
          "buffer_size": "1024",
          "sched_policy": "fifo"
        },
        {
          "k": "Binder:.*audio",
          "ac": "core5-6",
          "pc": "rtusr",
          "cpu_quota": "40%"
        }
      ]
    },
    {
      "name": "超高",
      "regex": "com.netease.yyslscn|com.netease.mc.m4399",
      "pinned": true,
      "rules": [
        {
          "k": "/MAIN_THREAD/",
          "ac": "core7",
          "pc": "rtusr"
        },
        {
          "k": "^(RenderThread|GLThread|VulkanRenderThread)",
          "ac": "core4-6",
          "pc": "ui",
          "vulkan_opt": true
        },
        {
          "k": "^(Job.Worker|NativeThread)",
          "ac": "core4-5",
          "pc": "norm"
        },
        {
          "k": "^(AudioThread|DecoderThread)",
          "ac": "core4-5",
          "pc": "norm",
          "audio_boost": {
            "during_animation": "+20%",
            "buffer_factor": 1.5
          }
        }
      ]
    },
    {
      "name": "较高",
      "regex": "com.miHoYo.Yuanshen",
      "pinned": true,
      "rules": [
        {
          "k": "/MAIN_THREAD/",
          "ac": "core7",
          "pc": "ui"
        },
        {
          "k": "^(RenderThread|GLThread|VulkanRenderThread)",
          "ac": "core4-6",
          "pc": "norm",
          "vulkan_opt": true
        },
        {
          "k": "^(Job.Worker|NativeThread)",
          "ac": "core4-5",
          "pc": "bg"
        },
        {
          "k": "^(AudioThread|DecoderThread)",
          "ac": "core4-5",
          "pc": "norm",
          "audio_boost": {
            "during_animation": "+15%",
            "buffer_factor": 1.3
          }
        }
      ]
    },
    {
      "name": "游戏均衡",
      "regex": "^com.tencent.tmgp.sgamece|com.tencent.tmgp.sgame|com.tencent.tmgp.c|com.tencent.tmgp.pubgmhdf",
      "pinned": true,
      "rules": [
        {
          "k": "/MAIN_THREAD/",
          "ac": "core7",
          "pc": "rtusr"
        },
        {
          "k": "^(RenderThread|GLThread|VulkanRenderThread)",
          "ac": "core4-6",
          "pc": "ui",
          "vulkan_opt": true
        },
        {
          "k": "^(Job.Worker|NativeThread)",
          "ac": "core0-5",
          "pc": "bg"
        },
        {
          "k": "^(AudioThread|DecoderThread)",
          "ac": "core4-5",
          "pc": "norm",
          "audio_boost": {
            "during_animation": "+10%",
            "buffer_factor": 1.2
          }
        }
      ]
    },
    {
      "name": "Bilibili Optimized",
      "regex": "tv.danmaku.bili|com.bilibili.app.in",
      "pinned": true,
      "rules": [
        {
          "k": "/MAIN_THREAD/",
          "ac": "core4-5",
          "pc": "ui",
          "comment": "主线程确保流畅交互"
        },
        {
          "k": "^(RenderThread|GLThread|VulkanRenderThread)",
          "ac": "core4-6",
          "pc": "ui",
          "dynamic_boost": {
            "duration": 800,
            "freq_boost": "+25%"
          },
          "comment": "弹幕渲染优化"
        },
        {
          "k": "^(DecoderThread|FFmpegDecoder)",
          "ac": "core0-4",
          "pc": "norm",
          "avx_opt": true,
          "cpu_quota": "50%",
          "comment": "视频解码线程"
        },
        {
          "k": "AudioTrack|BiliAudioPlayer",
          "ac": "core4-5",
          "pc": "norm",
          "sched_policy": "fifo",
          "buffer_size": "1536",
          "comment": "音频防卡顿"
        },
        {
          "k": "^(DanmakuLoader|CommentFetcher)",
          "ac": "core0-3",
          "pc": "bg",
          "cpu_quota": "30%",
          "comment": "弹幕加载限流"
        },
        {
          "k": "NetworkThread|OkHttp",
          "ac": "core0-3",
          "pc": "bg",
          "cpu_quota": "40%",
          "comment": "网络线程限流"
        },
        {
          "k": ".",
          "ac": "auto",
          "pc": "auto"
        }
      ]
    },
    {
      "name": "VideoPlay v2 com.ss.android.ugc.aweme.lite",
      "regex": "com.ss.android.ugc.aweme.lite|com.ss.android.ugc.aweme.lite:sandboxed_process0|com.ss.android.ugc.aweme.lite:push",
      "pinned": true,
      "rules": [
        {
          "k": "DecoderThread",
          "ac": "core0-4",
          "pc": "norm",
          "avx_opt": true,
          "mem_policy": "lowlatency"
        },
        {
          "k": "VDecod2-v1",
          "ac": "core5-6",
          "pc": "ui",
          "avx_opt": true,
          "mem_policy": "lowlatency",
          "dynamic_boost": {
            "duration": 500,
            "freq_boost": "+30%"
          }
        },
        {
          "k": "RenderThread",
          "ac": "core3-4",
          "pc": "ui",
          "avx_opt": true,
          "mem_policy": "lowlatency",
          "dynamic_boost": {
            "duration": 700,
            "freq_boost": "+25%"
          }
        },
        {
          "k": "AudioTrack",
          "ac": "core4-5",
          "pc": "norm",
          "sched_policy": "fifo"
        }
      ]
    },
    {
      "name": "All Scanners",
      "regex": ".*Scan.*|.*Scanner.*",
      "pinned": true,
      "rules": [
        {
          "k": "/MAIN_THREAD/",
          "ac": "crit",
          "pc": "rtusr"
        },
        {
          "k": "^(RenderThread|GLThread)",
          "ac": "crit",
          "pc": "rtusr"
        },
        {
          "k": "^(GPU completion|HWC release|hwui|FramePolicy|ScrollPolicy|ged-swd)",
          "ac": "bg",
          "pc": "rtusr"
        },
        {
          "k": ".",
          "ac": "auto",
          "pc": "auto"
        }
      ]
    },
    {
      "name": "Memory intensive",
      "regex": "photoeditor|videorender",
      "pinned": true,
      "rules": [
        {
          "ac": "auto",
          "pc": "auto",
          "k": ".",
          "mem_pressure": "medium",
          "swap_reserve": "200MB"
        }
      ]
    },
    {
      "name": "Launcher",
      "regex": "/HOME_PACKAGE/",
      "pinned": true,
      "rules": [
        {
          "k": "/MAIN_THREAD/",
          "ac": "crit",
          "pc": "rtusr"
        },
        {
          "k": "^(RenderThread|GLThread)",
          "ac": "auto",
          "pc": "rtusr"
        },
        {
          "k": "^(GPU completion|HWC release|hwui|FramePolicy|ScrollPolicy|ged-swd)",
          "ac": "core0-5",
          "pc": "rtusr"
        },
        {
          "k": ".",
          "ac": "auto",
          "pc": "auto"
        }
      ]
    },
    {
      "name": "Background Limiter+",
      "regex": "com.tencent.mm:tools|com.aliyun.doc|.pushservice|.daemon|.service|.sync|.update|.download|.analytics",
      "pinned": true,
      "rules": [
        {
          "k": ".",
          "ac": "core0-1",
          "pc": "bg",
          "cpu_quota": "25%",
          "sched_policy": "batch"
        }
      ]
    },
    {
      "name": "推送服务限制",
      "regex": "com.xiaomi.xmsf|com.huawei.android.pushagent|com.coloros.mcssdk|com.vivo.push|com.google.android.gms.persistent",
      "pinned": true,
      "rules": [
        {
          "k": ".",
          "ac": "core0-1",
          "pc": "bg",
          "cpu_quota": "20%"
        }
      ]
    },
    {
      "name": "Dynamic Response",
      "regex": "/LAUNCHER_PACKAGE/|com.android.systemui",
      "pinned": true,
      "rules": [
        {
          "k": "InputDispatcher",
          "ac": "core0-5",
          "pc": "bg",
          "dynamic_boost": {
            "duration": 900,
            "freq_boost": "+35%"
          }
        }
      ]
    },
    {
      "name": "SystemUI",
      "regex": "com.android.systemui",
      "pinned": true,
      "rules": [
        {
          "k": "/MAIN_THREAD/",
          "ac": "core4-5",
          "pc": "ui"
        },
        {
          "k": "^(RenderThread|GLThread)",
          "ac": "core4-5",
          "pc": "ui"
        },
        {
          "k": "^(Jit thread pool|HeapTaskDaemon|FinalizerDaemon|ReferenceQueueD)",
          "ac": "core0-1",
          "pc": "bg",
          "cpu_quota": "30%"
        },
        {
          "k": "^(NotificationThread|StatusBarThread|NavBarThread)",
          "ac": "core0-3",
          "pc": "bg"
        },
        {
          "k": ".",
          "ac": "auto",
          "pc": "auto"
        }
      ]
    },
    {
      "name": "MediaProvider",
      "regex": "^com.android.providers.media",
      "pinned": true,
      "rules": [
        {
          "k": ".",
          "ac": "auto",
          "pc": "bg"
        }
      ]
    },
    {
      "name": "Memory reclaim",
      "regex": "swapd|compactd",
      "pinned": true,
      "rules": [
        {
          "k": ".",
          "ac": "auto",
          "pc": "bg"
        }
      ]
    },
    {
      "name": "Phone",
      "regex": "com.android.phone",
      "pinned": false,
      "rules": [
        {
          "k": ".",
          "ac": "auto",
          "pc": "auto"
        }
      ]
    },
    {
      "name": "Other system processes",
      "regex": "^(/system|/vendor|magiskd|zygiskd)|@|-service$",
      "pinned": false,
      "rules": [
        {
          "k": ".",
          "ac": "auto",
          "pc": "auto"
        }
      ]
    },
    {
      "name": "App co-process",
      "regex": "[.].+:",
      "pinned": false,
      "rules": [
        {
          "k": "^(Jit thread pool|HeapTaskDaemon|FinalizerDaemon|ReferenceQueueD)",
          "ac": "bg",
          "pc": "auto"
        }
      ]
    },
    {
      "name": "社交媒体应用优化",
      "regex": "^com.whatsapp|^com.facebook.katana|^com.instagram.android|^com.twitter.android|^com.snapchat.android|^com.tencent.mm|^com.tencent.mobileqq",
      "pinned": true,
      "rules": [
        {
          "k": "/MAIN_THREAD/",
          "ac": "core4-5",
          "pc": "ui"
        },
        {
          "k": "^(RenderThread|GLThread)",
          "ac": "core4-5",
          "pc": "ui"
        },
        {
          "k": "^(ImageLoader|ImageFetcher|NetworkThread|DownloadThread)",
          "ac": "core0-2",
          "pc": "bg",
          "cpu_quota": "40%"
        },
        {
          "k": "^(OkHttp|AsyncTask|ThreadPoolExecutor|DispatchThread)",
          "ac": "core0-2",
          "pc": "bg"
        },
        {
          "k": "^(MessageSync|PushService|NotificationService)",
          "ac": "core0-1",
          "pc": "bg",
          "cpu_quota": "30%"
        },
        {
          "k": ".",
          "ac": "auto",
          "pc": "auto"
        }
      ]
    },
    {
      "name": "浏览器应用优化",
      "regex": "^com.android.chrome|^com.brave.browser|^org.mozilla.firefox|^com.opera.browser|^com.microsoft.emmx|^com.UCMobile|^com.uc.browser.en",
      "pinned": true,
      "rules": [
        {
          "k": "/MAIN_THREAD/",
          "ac": "core4-5",
          "pc": "ui"
        },
        {
          "k": "^(Chrome_InProc|CrRendererMain|CrGpuMain|CompositorTile)",
          "ac": "core4-5",
          "pc": "ui"
        },
        {
          "k": "^(NetworkService|IOThread|MemoryInfra|ThreadPool)",
          "ac": "core0-2",
          "pc": "bg",
          "cpu_quota": "35%"
        },
        {
          "k": "^(CacheThread|DiskCache|HistoryThread)",
          "ac": "core0-2",
          "pc": "bg"
        },
        {
          "k": "^(TabManager|JavaBridge|V8|JsEngine)",
          "ac": "core0-3",
          "pc": "bg"
        },
        {
          "k": ".",
          "ac": "auto",
          "pc": "auto"
        }
      ]
    },
    {
      "name": "电子邮件应用优化",
      "regex": "^com.google.android.gm|^com.microsoft.office.outlook|^com.samsung.android.email.provider",
      "pinned": true,
      "rules": [
        {
          "k": "/MAIN_THREAD/",
          "ac": "core4-5",
          "pc": "ui"
        },
        {
          "k": "^(RenderThread|GLThread)",
          "ac": "core4-5",
          "pc": "ui"
        },
        {
          "k": "^(SyncThread|MailboxObserver|AttachmentLoader)",
          "ac": "core0-3",
          "pc": "bg"
        },
        {
          "k": ".",
          "ac": "auto",
          "pc": "auto"
        }
      ]
    },
    {
      "name": "地图应用优化",
      "regex": "^com.google.android.apps.maps|^com.autonavi.minimap|^com.baidu.BaiduMap",
      "pinned": true,
      "rules": [
        {
          "k": "/MAIN_THREAD/",
          "ac": "core4-6",
          "pc": "ui"
        },
        {
          "k": "^(RenderThread|GLThread|MapRenderThread)",
          "ac": "core4-6",
          "pc": "ui"
        },
        {
          "k": "^(LocationThread|NavigationService|RouteCalculation)",
          "ac": "core4-5",
          "pc": "norm"
        },
        {
          "k": "^(TileLoader|CacheManager|DownloadManager)",
          "ac": "core0-3",
          "pc": "bg"
        },
        {
          "k": ".",
          "ac": "auto",
          "pc": "auto"
        }
      ]
    },
    {
      "name": "Default rule",
      "regex": ".",
      "pinned": false,
      "rules": [
        {
          "k": "/MAIN_THREAD/",
          "ac": "core4-5",
          "pc": "ui"
        },
        {
          "k": "^(UnityMain|RenderThread |GameThread)",
          "ac": "gtmain",
          "pc": "auto"
        },
        {
          "k": "^(Unity|Worker Thread|TaskGraph|RHIThread|GLThread|Thread-|Job.Worker|VulkanRenderThread)",
          "ac": "gtcoop",
          "pc": "auto"
        },
        {
          "k": "^(RenderThread|JNISurfaceText|IJK_External_Re)|[Aa]nim|([.]raster|[.]ui)$",
          "ac": "core4-5",
          "pc": "ui"
        },
        {
          "k": "^(Chrome_InProc|CrRendererMain|CrGpuMain|CompositorTile)",
          "ac": "core4-5",
          "pc": "ui"
        },
        {
          "k": "^(Viz|Chrome_|Compositor)|[Vv]sync|mali-",
          "ac": "core4-5",
          "pc": "ui"
        },
        {
          "k": "^(OkHttp|Ysa|Xqa|Rx|APM|TVKDL-|tp-|cgi-|ODCP-|Bugly|xlog_)",
          "ac": "core0-2",
          "pc": "bg",
          "cpu_quota": "35%"
        },
        {
          "k": "^(xg_vip_service|Profile|SearchDaemon|default_matrix|FrameDecoder|FrameSeq)",
          "ac": "core0-2",
          "pc": "bg",
          "cpu_quota": "40%"
        },
        {
          "k": "^(GPU completion|HWC release|hwui|FramePolicy|ScrollPolicy|ged-swd)",
          "ac": "core0-3",
          "pc": "rtusr"
        },
        {
          "k": "^(JS|libweexjsb|WeexJsBridge|mqt_native|mqt_js|JavaScriptTh)",
          "ac": "core0-3",
          "pc": "coop"
        },
        {
          "k": "^(pool-|glide-|launcher-|Fresco)|[Dd]ownload|[Ss]chedule|[Ww]ork|[Pp]ool|[Dd]efau",
          "ac": "core0-3",
          "pc": "coop"
        },
        {
          "k": "^(Jit thread pool|HeapTaskDaemon|FinalizerDaemon|ReferenceQueueD)",
          "ac": "core0-1",
          "pc": "bg",
          "cpu_quota": "30%"
        },
        {
          "k": ".",
          "ac": "core0-3",
          "pc": "auto"
                        }
                    ]
                }
            ]
        }
    },
    "initials": {
        "cpu": {
            "baseSampleTime": 0.01,
            "baseSlackTime": 0.01,
            "latencyTime": 0.5,
            "slowLimitPower": 3.0,
            "fastLimitPower": 6.0,
            "fastLimitCapacity": 10.0,
            "fastLimitRecoverScale": 0.3,
            "predictThd": 0.3,
            "margin": 0.25,
            "burst": 0.0,
            "guideCap": true,
            "limitEfficiency": false
        },
        "sysfs": {
            "cpusetTa": "0-7",
            "cpusetFg": "0-5",
            "cpusetBg": "0-1",
            "cpusetSysBg": "0-3",
            "cpusetRe": "0-3",
            "scaling_governor0": "schedutil",
            "scaling_governor6": "schedutil"
        },
        "sched": {
            "scene": "idle"
        }
    },
    "presets": {
        "balance": {
            "*": {
                "cpu.latencyTime": 0.0,
                "cpu.slowLimitPower": 1.2,
                "cpu.fastLimitPower": 1.1,
                "cpu.fastLimitCapacity": 3.0,
                "cpu.margin": 0.1,
                "sysfs.scaling_governor0": "schedutil",
                "sysfs.scaling_governor6": "schedutil"
            },
            "idle": {
                "cpu.baseSampleTime": 0.04,
                "cpu.baseSlackTime": 0.08,
                "cpu.predictThd": 1.0,
                "cpu.limitEfficiency": true,
                "sched.scene": "idle"
            },
            "touch": {
                "cpu.baseSampleTime": 0.04,
                "sched.scene": "touch"
            },
            "trigger": {
                "cpu.latencyTime": 0.0,
                "cpu.margin": 0.3,
                "sched.scene": "touch"
            },
            "gesture": {
                "cpu.margin": 0.6,
                "sched.scene": "touch"
            },
            "junk": {
                "cpu.burst": 0.3,
                "sched.scene": "touch"
            },
            "switch": {
                "cpu.latencyTime": 0.0,
                "cpu.slowLimitPower": 1.2,
                "cpu.fastLimitPower": 2.7,
                "cpu.fastLimitRecoverScale": 0.1,
                "cpu.margin": 0.2,
                "sched.scene": "boost"
            }
        },
        "powersave": {
            "*": {
                "cpu.latencyTime": 0.0,
                "cpu.slowLimitPower": 0.8,
                "cpu.fastLimitPower": 0.9,
                "cpu.fastLimitCapacity": 3.0,
                "cpu.margin": 0.03,
                "sysfs.scaling_governor0": "schedutil",
                "sysfs.scaling_governor6": "schedutil"
            },
            "idle": {
                "cpu.baseSampleTime": 0.04,
                "cpu.baseSlackTime": 0.08,
                "cpu.predictThd": 1.0,
                "cpu.limitEfficiency": true,
                "sched.scene": "idle"
            },
            "touch": {
                "cpu.baseSampleTime": 0.04,
                "sched.scene": "touch"
            },
            "trigger": {
                "cpu.latencyTime": 0.0,
                "cpu.margin": 0.3,
                "sched.scene": "touch"
            },
            "gesture": {
                "cpu.margin": 0.6,
                "sched.scene": "touch"
            },
            "junk": {
                "cpu.burst": 0.3,
                "sched.scene": "touch"
            },
            "switch": {
                "cpu.latencyTime": 0.0,
                "cpu.slowLimitPower": 1.2,
                "cpu.fastLimitPower": 2.7,
                "cpu.fastLimitRecoverScale": 0.1,
                "cpu.margin": 0.2,
                "sched.scene": "boost"
            }
        },
        "performance": {
            "*": {
                "cpu.latencyTime": 0.0,
                "cpu.slowLimitPower": 4.0,
                "cpu.fastLimitPower": 10.0,
                "cpu.fastLimitCapacity": 360.0,
                "cpu.margin": 0.4,
                "sysfs.scaling_governor0": "schedutil",
                "sysfs.scaling_governor6": "schedutil"
            },
            "idle": {
                "cpu.baseSampleTime": 0.01,
                "cpu.baseSlackTime": 0.04,
                "sched.scene": "idle"
            },
            "touch": {
                "sched.scene": "touch"
            },
            "trigger": {
                "cpu.margin": 0.8,
                "sched.scene": "touch"
            },
            "gesture": {
                "cpu.margin": 0.8,
                "sched.scene": "touch"
            },
            "junk": {
                "cpu.burst": 0.5,
                "sched.scene": "touch"
            },
            "switch": {
                "cpu.burst": 0.2,
                "sched.scene": "boost"
            }
        },
        "fast": {
            "*": {
                "cpu.latencyTime": 0.0,
                "cpu.slowLimitPower": 999,
                "cpu.fastLimitPower": 999,
                "cpu.fastLimitCapacity": 999,
                "cpu.margin": 0.8,
                "sysfs.scaling_governor0": "schedutil",
                "sysfs.scaling_governor6": "schedutil"
            },
            "idle": {
                "sched.scene": "idle"
            },
            "touch": {
                "sched.scene": "touch"
            },
            "trigger": {
                "sched.scene": "touch"
            },
            "gesture": {
                "sched.scene": "touch"
            },
            "junk": {
                "sched.scene": "touch"
            },
            "switch": {
                "sched.scene": "boost"
            }
        }
    }
}