{
  "meta": {
    "name": "sdm8g2[22.09.04]",
    "author": "泉氿"
  },
  "modules": {
    "switcher": {
      "switchInode": "/sdcard/Android/yc/uperf/cur_powermode.txt",
      "perapp": "/sdcard/Android/yc/uperf/perapp_powermode.txt",
      "hintDuration": {
        "idle": 0.0,
        "touch": 4.0,
        "trigger": 0.03,
        "gesture": 0.1,
        "switch": 0.5,
        "junk": 0.08
      }
    },
    "atrace": {
      "enable": false
    },
    "log": {
      "level": "info"
    },
    "input": {
      "enable": true,
      "swipeThd": 0.03,
      "gestureThdX": 0.03,
      "gestureThdY": 0.03,
      "gestureDelayTime": 2.0,
      "holdEnterTime": 1.0
    },
    "sfanalysis": {
      "enable": true,
      "renderIdleSlackTime": 0.2
    },
   "cpu": {
  "enable": true,
  "powerModel": [
    {
      "efficiency": 110,
      "nr": 3,
      "typicalPower": 0.40,
      "typicalFreq": 1.34,
      "sweetFreq": 1.0,
      "plainFreq": 0.56, 
      "freeFreq": 0.31
    },
    {
      "efficiency": 270,
      "nr": 2,
      "typicalPower": 0.67,
      "typicalFreq": 1.79,
      "sweetFreq": 1.40,
      "plainFreq": 0.72,  
      "freeFreq": 0.50
    },
    {
      "efficiency": 320,
      "nr": 2,
      "typicalPower": 0.84,
      "typicalFreq": 2.05,
      "sweetFreq": 1.65,
      "plainFreq": 0.72, 
      "freeFreq": 0.50
    },
    {
      "efficiency": 380,
      "nr": 1,
      "typicalPower": 2.18,
      "typicalFreq": 2.23,
      "sweetFreq": 1.84,
      "plainFreq": 1.5,  
      "freeFreq": 0.60
    }
  ]
},
     "sysfs": {
    "enable": true,
    "knob": {
        "idle_timer": "/sys/class/kgsl/kgsl-3d0/idle_timer",
        "bus_on": "/sys/class/kgsl/kgsl-3d0/force_bus_on",
        "rail_on": "/sys/class/kgsl/kgsl-3d0/force_rail_on",
        "cpusetTa": "/dev/cpuset/top-app/cpus",
        "cpusetFg": "/dev/cpuset/foreground/cpus",
        "cpusetBg": "/dev/cpuset/background/cpus",
        "cpusetSysBg": "/dev/cpuset/system-background/cpus",
        "cpusetRe": "/dev/cpuset/restricted/cpus",
        "GpuGovernor": "/sys/class/kgsl/kgsl-3d0/devfreq/governor",
        "scaling_governor0": "/sys/devices/system/cpu/cpufreq/policy0/scaling_governor",
        "scaling_governor3": "/sys/devices/system/cpu/cpufreq/policy3/scaling_governor",
        "scaling_governor7": "/sys/devices/system/cpu/cpufreq/policy7/scaling_governor",
        "ddrmax": "/sys/devices/system/cpu/bus_dcvs/DDR/hw_max_freq",
        "l3max": "/sys/devices/system/cpu/bus_dcvs/L3/hw_max_freq",
        "llccmax": "/sys/devices/system/cpu/bus_dcvs/LLCC/hw_max_freq",
        "walt_upmigrate": "/proc/sys/walt/sched_upmigrate",
        "walt_downmigrate": "/proc/sys/walt/sched_downmigrate"
    }
},
        "sched": {
    "enable": true,
    "cpumask": {
        "all": [0, 1, 2, 3, 4, 5, 6, 7],
        "c0": [0],
        "c1": [1],
        "c2": [2],
        "c3": [3],
        "c4": [4],
        "c5": [5],
        "c6": [6],
        "c7": [7]
    },
    "affinity": {
    "core0": {
            "fg": "c0",
            "bg": "c0",
            "idle": "c0",
            "touch": "c0",
            "boost": "c0"
        },
    "core1": {
            "fg": "c1",
            "bg": "c1",
            "idle": "c1",
            "touch": "c1",
            "boost": "c1"
        },
        "core2": {
            "fg": "c2",
            "bg": "c2",
            "idle": "c2",
            "touch": "c2",
            "boost": "c2"
        },
        "core3": {
            "fg": "c3",
            "bg": "c3",
            "idle": "c3",
            "touch": "c3",
            "boost": "c3"
        },
        "core4": {
            "fg": "c4",
            "bg": "c4",
            "idle": "c4",
            "touch": "c4",
            "boost": "c4"
        },
        "core6": {
            "fg": "c6",
            "bg": "c6",
            "idle": "c6",
            "touch": "c6",
            "boost": "c6"
        },
        "core7": {
            "fg": "c7",
            "bg": "c7",
            "idle": "c7",
            "touch": "c7",
            "boost": "c7"
        },
        "core0-2": {
            "fg": "c0,c1,c2",
            "bg": "c0,c1,c2",
            "idle": "c0,c1,c2",
            "touch": "c0,c1,c2",
            "boost": "c0,c1,c2"
        },
        "core6-7": {
            "fg": "c6,c7",
            "bg": "c6,c7",
            "idle": "c6,c7",
            "touch": "c6,c7",
            "boost": "c6,c7"
        },
        "core4-5": {
            "fg": "c4,c5",
            "bg": "c4,c5",
            "idle": "c4,c5",
            "touch": "c4,c5",
            "boost": "c4,c5"
        },
        "core5-6": {
            "fg": "c5,c6",
            "bg": "c5,c6",
            "idle": "c5,c6",
            "touch": "c5,c6",
            "boost": "c5,c6"
        },
        "core5": {
            "fg": "c5",
            "bg": "c5",
            "idle": "c5",
            "touch": "c5",
            "boost": "c5"
        },
        "core0-1": {
            "fg": "c0,c1",
            "bg": "c0,c1",
            "idle": "c0,c1",
            "touch": "c0,c1",
            "boost": "c0,c1"
        },
       "core0-5": {
            "fg": "c0,c1,c2,c3,c4,c5",
            "bg": "c0,c1,c2,c3,c4,c5",
            "idle": "c0,c1,c2,c3,c4,c5",
            "touch": "c0,c1,c2,c3,c4,c5",
            "boost": "c0,c1,c2,c3,c4,c5"
        },
        "core0-4": {
            "fg": "c0,c1,c2,c3,c4",
            "bg": "c0,c1,c2,c3,c4",
            "idle": "c0,c1,c2,c3,c4",
            "touch": "c0,c1,c2,c3,c4",
            "boost": "c0,c1,c2,c3,c4"
        },
        "core3-6": {
            "fg": "c3,c4,c5,c6",
            "bg": "c3,c4,c5,c6",
            "idle": "c3,c4,c5,c6",
            "touch": "c3,c4,c5,c6",
            "boost": "c3,c4,c5,c6"
        },
        "core4-6": {
            "fg": "c4,c5,c6",
            "bg": "c4,c5,c6",
            "idle": "c4,c5,c6",
            "touch": "c4,c5,c6",
            "boost": "c4,c5,c6"
        },
        "core2-3": {
            "fg": "c2,c3",
            "bg": "c2,c3",
            "idle": "c2,c3",
            "touch": "c2,c3",
            "boost": "c2,c3"
        },
        "core0-3": {
            "fg": "c0,c1,c2,c3",
            "bg": "c0,c1,c2,c3",
            "idle": "c0,c1,c2,c3",
            "touch": "c0,c1,c2,c3",
            "boost": "c0,c1,c2,c3"
        },
        "core3-4": {
            "fg": "c3,c4",
            "bg": "c3,c4",
            "idle": "c3,c4",
            "touch": "c3,c4",
            "boost": "c3,c4"
        },
        "auto": {
            "fg": "all",
            "bg": "all",
            "idle": "all",
            "touch": "all",
            "boost": "all"
        },
        "norm": {
            "fg": "all",
            "bg": "all",
            "idle": "all",
            "touch": "all",
            "boost": "all"
        },
        "bg": {
            "fg": "c0,c1,c2,c3",
            "bg": "c0,c1,c2,c3",
            "idle": "c0,c1,c2,c3",
            "touch": "c0,c1,c2,c3",
            "boost": "c0,c1,c2,c3"
        },
        "ui": {
            "fg": "all",
            "bg": "c0,c1,c2,c3",
            "idle": "c0,c1,c2,c3",
            "touch": "c0,c1,c2,c3",
            "boost": "all"
        },
        "crit": {
            "fg": "all",
            "bg": "c0,c1,c2,c3",
            "idle": "c0,c1,c2,c3",
            "touch": "c0,c1,c2,c3",
            "boost": "c0,c1,c2,c3"
        },
        "gtcoop": {
            "fg": "all",
            "bg": "c0,c1,c2,c3",
            "idle": "c0,c1,c2,c3",
            "touch": "c0,c1,c2,c3",
            "boost": "all"
        },
        "gtmain": {
            "fg": "all",
            "bg": "c0,c1,c2,c3",
            "idle": "c0,c1,c2,c3",
            "touch": "c7",
            "boost": "all"
    },
     "powersave": {
            "fg": "c0,c1,c2,c3",  
            "bg": "c0,c1,c2,c3",
            "idle": "c0,c1,c2,c3",
           "touch": "c0,c1,c2,c3",
           "boost": "c0,c1,c2"
         }
     },
    "prio": {
        "auto": {
            "bg": 0,
            "fg": 0,
            "idle": 0,
            "touch": 0,
            "boost": 0
        },
        "bg": {
            "bg": -3,
            "fg": 139,
            "idle": 139,
            "touch": 139,
            "boost": 139
        },
        "norm": {
            "bg": -1,
            "fg": -1,
            "idle": 120,
            "touch": 120,
            "boost": 130
        },
        "coop": {
            "bg": -3,
            "fg": 124,
            "idle": 122,
            "touch": 122,
            "boost": 130
        },
        "ui": {
            "bg": -3,
            "fg": 120,
            "idle": 110,
            "touch": 98,
            "boost": 116
        },
        "rtusr": {
            "bg": 98,
            "fg": 98,
            "idle": 97,
            "touch": 97,
            "boost": 98
        },
        "rtsys": {
            "bg": 97,
            "fg": 97,
            "idle": 96,
            "touch": 96,
            "boost": 97
    },
          "powersave": {
            "bg": -5,    
            "fg": 110,   
            "idle": 110,
            "touch": 110,
            "boost": 120
         }
    },
    "rules": [
    {
      "name": "SurfaceFlinger",
      "regex": "/system/bin/surfaceflinger",
      "pinned": true,
      "rules": [
        {
          "k": "/MAIN_THREAD/",
          "ac": "crit",
          "pc": "auto"
        },
        {
          "k": "^(app|RenderEngine)",
          "ac": "crit",
          "pc": "auto"
        },
        {
          "k": "^Binder:",
          "ac": "auto",
          "pc": "auto"
        },
        {
          "k": ".",
          "ac": "bg",
          "pc": "auto"
        }
      ]
    },
    {
      "name": "SystemServer",
      "regex": "system_server",
      "pinned": true,
      "rules": [
        {
          "k": "^(TaskSnapshot|Greezer|CachedApp|SystemPressure|SensorService)|[Mm]emory",
          "ac": "powersave",
          "pc": "powersave"
        },
        {
          "k": "^Async",
          "ac": "auto",
          "pc": "norm"
        },
        {
          "k": ".",
          "ac": "auto",
          "pc": "auto"
        }
      ]
    },
    {
      "name": "Dynamic Response",
      "regex": "/LAUNCHER_PACKAGE/|com.android.systemui",
      "pinned": true,
      "rules": [
        {
          "k": "InputDispatcher",
          "ac": "core0-5",
          "pc": "bg",
          "dynamic_boost": {
            "duration": 900,
            "freq_boost": "+35%"
          }
        }
      ]
    },
    {
      "name": "SystemUI",
      "regex": "com.android.systemui",
      "pinned": true,
      "rules": [
        {
          "k": "/MAIN_THREAD/",
          "ac": "core4-5",
          "pc": "ui"
        },
        {
          "k": "^(RenderThread|GLThread)",
          "ac": "core4-5",
          "pc": "ui"
        },
        {
          "k": "^(Jit thread pool|HeapTaskDaemon|FinalizerDaemon|ReferenceQueueD)",
          "ac": "core0-1",
          "pc": "bg",
          "cpu_quota": "30%"
        },
        {
          "k": "^(NotificationThread|StatusBarThread|NavBarThread)",
          "ac": "core0-3",
          "pc": "bg"
        },
        {
          "k": ".",
          "ac": "auto",
          "pc": "auto"
        }
      ]
    },
    {
      "name": "MediaProvider",
      "regex": "^com.android.providers.media",
      "pinned": true,
      "rules": [
        {
          "k": ".",
          "ac": "auto",
          "pc": "bg"
        }
      ]
    },
    {
      "name": "Memory reclaim",
      "regex": "swapd|compactd",
      "pinned": true,
      "rules": [
        {
          "k": ".",
          "ac": "auto",
          "pc": "bg"
        }
      ]
    },
    {
      "name": "Phone",
      "regex": "com.android.phone",
      "pinned": false,
      "rules": [
        {
          "k": ".",
          "ac": "auto",
          "pc": "auto"
        }
      ]
    },
    {
      "name": "Other system processes",
      "regex": "^(/system|/vendor|magiskd|zygiskd)|@|-service$",
      "pinned": true,
      "rules": [
        {
          "k": ".",
          "ac": "auto",
          "pc": "auto"
        }
      ]
    },
    {
      "name": "App co-process",
      "regex": "[.].+:",
      "pinned": true,
      "rules": [
        {
          "k": "^(Jit thread pool|HeapTaskDaemon|FinalizerDaemon|ReferenceQueueD)",
          "ac": "bg",
          "pc": "auto"
        }
      ]
    },
    {
      "name": "Default rule",
      "regex": ".",
      "pinned": false,
      "rules": [
        {
          "k": "/MAIN_THREAD/",
          "ac": "core4-5",
          "pc": "ui"
        },
        {
          "k": "^(UnityMain|RenderThread |GameThread)",
          "ac": "gtmain",
          "pc": "auto"
        },
        {
          "k": "^(Unity|Worker Thread|TaskGraph|RHIThread|GLThread|Thread-|Job.Worker|VulkanRenderThread)",
          "ac": "gtcoop",
          "pc": "auto"
        },
        {
          "k": "^(RenderThread|JNISurfaceText|IJK_External_Re)|[Aa]nim|([.]raster|[.]ui)$",
          "ac": "core4-5",
          "pc": "ui"
        },
        {
          "k": "^(Chrome_InProc|CrRendererMain|CrGpuMain|CompositorTile)",
          "ac": "core4-5",
          "pc": "ui"
        },
        {
          "k": "^(Viz|Chrome_|Compositor)|[Vv]sync|mali-",
          "ac": "core4-5",
          "pc": "ui"
        },
        {
          "k": "^(OkHttp|Ysa|Xqa|Rx|APM|TVKDL-|tp-|cgi-|ODCP-|Bugly|xlog_)",
          "ac": "core0-2",
          "pc": "bg",
          "cpu_quota": "35%"
        },
        {
          "k": "^(xg_vip_service|Profile|SearchDaemon|default_matrix|FrameDecoder|FrameSeq)",
          "ac": "core0-2",
          "pc": "bg",
          "cpu_quota": "40%"
        },
        {
          "k": "^(GPU completion|HWC release|hwui|FramePolicy|ScrollPolicy|ged-swd)",
          "ac": "core0-3",
          "pc": "rtusr"
        },
        {
          "k": "^(JS|libweexjsb|WeexJsBridge|mqt_native|mqt_js|JavaScriptTh)",
          "ac": "core0-3",
          "pc": "coop"
        },
        {
          "k": "^(pool-|glide-|launcher-|Fresco)|[Dd]ownload|[Ss]chedule|[Ww]ork|[Pp]ool|[Dd]efau",
          "ac": "core0-3",
          "pc": "coop"
        },
        {
          "k": "^(Jit thread pool|HeapTaskDaemon|FinalizerDaemon|ReferenceQueueD)",
          "ac": "core0-1",
          "pc": "bg",
          "cpu_quota": "30%"
        },
        {
          "k": ".",
          "ac": "core0-3",
          "pc": "auto"
                        }
                    ]
                }
            ]
        }
    },
    "initials": {
        "cpu": {
            "baseSampleTime": 0.01,
            "baseSlackTime": 0.01,
            "latencyTime": 0.5,
            "slowLimitPower": 3.0,
            "fastLimitPower": 6.0,
            "fastLimitCapacity": 10.0,
            "fastLimitRecoverScale": 0.3,
            "predictThd": 0.3,
            "margin": 0.25,
            "burst": 0.0,
            "guideCap": true,
            "limitEfficiency": true
        },
        "sysfs": {
            "cpusetTa": "0-7",
            "cpusetFg": "0-7",
            "cpusetBg": "0-2",
            "cpusetSysBg": "0-3",
            "cpusetRe": "0-7",
            "idle_timer": "80",
            "bus_on": "0",
            "rail_on": "0",
            "GpuGovernor": "msm-adreno-tz",
            "scaling_governor0": "walt",
            "scaling_governor3": "walt",
            "scaling_governor7": "walt",
            "walt_upmigrate": "20 85 4",
            "walt_downmigrate": "15 40 3",
            "ddrmax": "3156000",
            "l3max": "1508800",
            "llccmax": "1066000"
        },
        "sched": {
            "scene": "idle"
        }
    },
    "presets": {
        "balance": {
            "*": {
                "cpu.latencyTime": 0.8,
                "cpu.slowLimitPower": 2.5,
                "cpu.fastLimitPower": 4.0,
                "sysfs.idle_timer": "80",
                "sysfs.bus_on": "0",
                "sysfs.rail_on": "0",
                "sysfs.GpuGovernor": "msm-adreno-tz",
                "sysfs.scaling_governor0": "walt",
                "sysfs.scaling_governor3": "walt",
                "sysfs.scaling_governor7": "walt",
                "sysfs.walt_upmigrate": "20 85 4",
                "sysfs.walt_downmigrate": "15 40 3",
                "sysfs.ddrmax": "2750000",
                "sysfs.l3max": "1400000",
                "sysfs.llccmax": "950000"
            },
            "idle": {
                "cpu.baseSampleTime": 0.05,
                "cpu.baseSlackTime": 0.1,
                "cpu.margin": 0.1,
                "cpu.burst": 0.0,
                "cpu.predictThd": 0.9,
                "sched.scene": "idle"
            },
            "touch": {
                "cpu.baseSampleTime": 0.03,
                "cpu.baseSlackTime": 0.05,
                "cpu.margin": 0.35,
                "cpu.burst": 0.3,
                "cpu.predictThd": 0.7,
                "sched.scene": "touch"
            },
            "trigger": {
                "cpu.baseSampleTime": 0.02,
                "cpu.baseSlackTime": 0.03,
                "cpu.margin": 0.45,
                "cpu.burst": 0.4,
                "cpu.predictThd": 0.5,
                "sched.scene": "touch"
            },
            "gesture": {
                "cpu.baseSampleTime": 0.01,
                "cpu.baseSlackTime": 0.01,
                "cpu.margin": 0.6,
                "cpu.burst": 0.5,
                "cpu.predictThd": 0.3,
                "sched.scene": "touch"
            },
            "junk": {
                "cpu.baseSampleTime": 0.08,
                "cpu.baseSlackTime": 0.2,
                "cpu.margin": 0.55,
                "cpu.burst": 0.55,
                "cpu.predictThd": 0.2,
                "sched.scene": "touch"
            },
            "switch": {
                "cpu.baseSampleTime": 0.01,
                "cpu.baseSlackTime": 0.0,
                "cpu.margin": 0.65,
                "cpu.burst": 0.6,
                "cpu.predictThd": 0.1,
                "sched.scene": "boost"
            }
        },
        "powersave": {
            "*": {
                "cpu.latencyTime": 15,
                "cpu.slowLimitPower": 0.5,
                "cpu.fastLimitPower": 1.0,
                "cpu.fastLimitCapacity": 4.0,
                "sysfs.idle_timer": "30",
                "sysfs.bus_on": "0",
                "sysfs.rail_on": "0",
                "sysfs.walt_upmigrate": "20 85 4",
                "sysfs.walt_downmigrate": "15 40 3",
                "sysfs.ddrmax": "2092000",
                "sysfs.l3max": "1200000",
                "sysfs.llccmax": "800000"
            },
            "idle": {
                "cpu.baseSampleTime": 0.08,
                "cpu.baseSlackTime": 0.2,
                "cpu.margin": 0.05,
                "cpu.burst": 0.0,
                "cpu.predictThd": 1.2,
                "sched.scene": "idle"
            },
            "touch": {
                "cpu.baseSampleTime": 0.07,
                "cpu.baseSlackTime": 0.15,
                "cpu.margin": 0.15,
                "cpu.burst": 0.05,
                "cpu.predictThd": 1.0,
                "sched.scene": "touch"
            },
            "trigger": {
                "cpu.baseSampleTime": 0.06,
                "cpu.baseSlackTime": 0.12,
                "cpu.margin": 0.2,
                "cpu.burst": 0.1,
                "cpu.predictThd": 0.9,
                "sched.scene": "touch"
            },
            "gesture": {
                "cpu.baseSampleTime": 0.05,
                "cpu.baseSlackTime": 0.1,
                "cpu.margin": 0.25,
                "cpu.burst": 0.15,
                "cpu.predictThd": 0.8,
                "sched.scene": "touch"
            },
            "junk": {
                "cpu.baseSampleTime": 0.15,
                "cpu.baseSlackTime": 0.4,
                "cpu.margin": 0.4,
                "cpu.burst": 0.3,
                "cpu.predictThd": 1.5,
                "sched.scene": "touch"
            },
            "switch": {
                "cpu.baseSampleTime": 0.1,
                "cpu.baseSlackTime": 0.2,
                "cpu.margin": 0.4,
                "cpu.burst": 0.3,
                "cpu.predictThd": 0.5,
                "sched.scene": "boost"
            }
        },
        "performance": {
            "*": {
                "cpu.latencyTime": 0.3,
                "cpu.slowLimitPower": 3.5,
                "cpu.fastLimitPower": 6.0,
                "sysfs.idle_timer": "90",
                "sysfs.bus_on": "0",
                "sysfs.rail_on": "0",
                "sysfs.GpuGovernor": "msm-adreno-tz",
                "sysfs.scaling_governor0": "walt",
                "sysfs.scaling_governor3": "walt",
                "sysfs.scaling_governor7": "walt",
                "sysfs.walt_upmigrate": "20 85 4",
                "sysfs.walt_downmigrate": "15 40 3",
                "sysfs.ddrmax": "3156000",
                "sysfs.l3max": "1508800",
                "sysfs.llccmax": "1066000"
            },
            "idle": {
                "cpu.baseSampleTime": 0.02,
                "cpu.baseSlackTime": 0.03,
                "cpu.margin": 0.2,
                "cpu.burst": 0.15,
                "cpu.predictThd": 0.6,
                "sched.scene": "idle"
            },
            "touch": {
                "cpu.baseSampleTime": 0.01,
                "cpu.baseSlackTime": 0.01,
                "cpu.margin": 0.55,
                "cpu.burst": 0.5,
                "cpu.predictThd": 0.4,
                "sched.scene": "touch"
            },
            "trigger": {
                "cpu.baseSampleTime": 0.01,
                "cpu.baseSlackTime": 0.01,
                "cpu.margin": 0.65,
                "cpu.burst": 0.6,
                "cpu.predictThd": 0.3,
                "sched.scene": "touch"
            },
            "gesture": {
                "cpu.baseSampleTime": 0.01,
                "cpu.baseSlackTime": 0.01,
                "cpu.margin": 0.8,
                "cpu.burst": 0.8,
                "cpu.predictThd": 0.2,
                "sched.scene": "touch"
            },
            "junk": {
                "cpu.baseSampleTime": 0.05,
                "cpu.baseSlackTime": 0.15,
                "cpu.margin": 0.9,
                "cpu.burst": 0.9,
                "cpu.predictThd": 0.15,
                "sched.scene": "touch"
            },
            "switch": {
                "cpu.baseSampleTime": 0.01,
                "cpu.baseSlackTime": 0.0,
                "cpu.margin": 1.0,
                "cpu.burst": 1.0,
                "cpu.predictThd": 0.1,
                "sched.scene": "boost"
            }
        },
        "fast": {
            "*": {
                "cpu.latencyTime": 0.0,
                "cpu.slowLimitPower": 999,
                "cpu.fastLimitPower": 999,
                "sysfs.idle_timer": "120",
                "sysfs.bus_on": "0",
                "sysfs.rail_on": "0",
                "sysfs.GpuGovernor": "performance",
                "sysfs.scaling_governor0": "performance",
                "sysfs.scaling_governor3": "performance",
                "sysfs.scaling_governor7": "performance",
                "sysfs.walt_upmigrate": "20 85 4",
                "sysfs.walt_downmigrate": "15 40 3",
                "sysfs.ddrmax": "3400000",
                "sysfs.l3max": "1800000",
                "sysfs.llccmax": "1200000"
            },
            "idle": {
                "cpu.baseSampleTime": 0.005,
                "cpu.baseSlackTime": 0.005,
                "cpu.margin": 0.6,
                "cpu.burst": 0.5,
                "cpu.predictThd": 0.05,
                "sched.scene": "idle"
            },
            "touch": {
                "cpu.baseSampleTime": 0.005,
                "cpu.baseSlackTime": 0.005,
                "cpu.margin": 0.8,
                "cpu.burst": 0.7,
                "cpu.predictThd": 0.05,
                "sched.scene": "touch"
            },
            "trigger": {
                "cpu.baseSampleTime": 0.005,
                "cpu.baseSlackTime": 0.005,
                "cpu.margin": 0.9,
                "cpu.burst": 0.8,
                "cpu.predictThd": 0.05,
                "sched.scene": "touch"
            },
            "gesture": {
                "cpu.baseSampleTime": 0.005,
                "cpu.baseSlackTime": 0.005,
                "cpu.margin": 0.9,
                "cpu.burst": 0.8,
                "cpu.predictThd": 0.05,
                "sched.scene": "touch"
            },
            "junk": {
                "cpu.baseSampleTime": 0.01,
                "cpu.baseSlackTime": 0.1,
                "cpu.margin": 1.0,
                "cpu.burst": 0.9,
                "cpu.predictThd": 0.1,
                "sched.scene": "touch"
            },
            "switch": {
                "cpu.baseSampleTime": 0.01,
                "cpu.baseSlackTime": 0.0,
                "cpu.margin": 1.0,
                "cpu.burst": 1.0,
                "cpu.predictThd": 0.1,
                "sched.scene": "boost"
            }
        }
    }
}