{
  "meta": {
    "name": "Helio G90T(mt6785)[22.09.04]",
    "author": "泉氿---cv"
  },
  "modules": {
    "switcher": {
      "switchInode": "/sdcard/Android/yc/uperf/cur_powermode.txt",
      "perapp": "/sdcard/Android/yc/uperf/perapp_powermode.txt",
      "hintDuration": {
        "idle": 0.0,
        "touch": 4.0,
        "trigger": 0.03,
        "gesture": 0.1,
        "switch": 0.4,
        "junk": 0.06
      }
    },
    "atrace": {
      "enable": false
    },
    "log": {
      "level": "info"
    },
    "input": {
      "enable": true,
      "swipeThd": 0.03,
      "gestureThdX": 0.03,
      "gestureThdY": 0.03,
      "gestureDelayTime": 2.0,
      "holdEnterTime": 1.0
    },
    "sfanalysis": {
      "enable": true,
      "renderIdleSlackTime": 0.2
    },
    "cpu": {
      "enable": true,
      "powerModel": [
        {
          "efficiency": 100, 
          "nr": 6, 
          "typicalPower": 0.8, 
          "typicalFreq": 1.0, 
          "sweetFreq": 1.4, 
          "plainFreq": 1.4, 
          "freeFreq": 0.9
        }, 
        {
          "efficiency": 250, 
          "nr": 2, 
          "typicalPower": 1.75, 
          "typicalFreq": 1.6, 
          "sweetFreq": 1.2, 
          "plainFreq": 0.8, 
          "freeFreq": 0.6
        }
      ]
    },
    "sysfs": {
            "enable": true,
            "knob": {
                "cpusetTa": "/dev/cpuset/top-app/cpus",
                "cpusetFg": "/dev/cpuset/foreground/cpus",
                "cpusetBg": "/dev/cpuset/background/cpus",
                "cpusetSysBg": "/dev/cpuset/system-background/cpus",
                "cpusetRe": "/dev/cpuset/restricted/cpus",
                "7core": "/sys/devices/system/cpu/cpu7/online",
                "6core": "/sys/devices/system/cpu/cpu6/online",
                "5core": "/sys/devices/system/cpu/cpu5/online",
                "4core": "/sys/devices/system/cpu/cpu4/online",
                "scaling_governor0": "/sys/devices/system/cpu/cpufreq/policy0/scaling_governor",
                "scaling_governor6": "/sys/devices/system/cpu/cpufreq/policy6/scaling_governor",
                
                "scaling_min_freq0": "/sys/devices/system/cpu/cpufreq/policy0/scaling_min_freq",
                "scaling_max_freq0": "/sys/devices/system/cpu/cpufreq/policy0/scaling_max_freq",
                "scaling_min_freq6": "/sys/devices/system/cpu/cpufreq/policy6/scaling_min_freq",
                "scaling_max_freq6": "/sys/devices/system/cpu/cpufreq/policy6/scaling_max_freq",
                
                "gpu_freq_min": "/sys/module/ged/parameters/gpu_bottom_freq",
                "gpu_freq_max": "/sys/module/ged/parameters/gpu_cust_upbound_freq",
               
                "sched_migrate_cost_ns": "/proc/sys/kernel/sched_migration_cost_ns",
                "sched_min_granularity_ns": "/proc/sys/kernel/sched_min_granularity_ns",
                
                "vm_swappiness": "/proc/sys/vm/swappiness",
                "vm_dirty_ratio": "/proc/sys/vm/dirty_ratio",
                "vm_dirty_background_ratio": "/proc/sys/vm/dirty_background_ratio",
                
                "thermal_policy": "/sys/class/thermal/thermal_message/sconfig",
                
                "io_sched": "/sys/block/sda/queue/scheduler",
                "io_readahead": "/sys/block/sda/queue/read_ahead_kb",
                
               "gpu_dvfs": "/sys/module/ged/parameters/gpu_dvfs_enable",
                
                "sched_child_runs_first": "/proc/sys/kernel/sched_child_runs_first",
                "sched_tunable_scaling": "/proc/sys/kernel/sched_tunable_scaling",
                
                "tcp_congestion_control": "/proc/sys/net/ipv4/tcp_congestion_control",
                "tcp_limit_output_bytes": "/proc/sys/net/ipv4/tcp_limit_output_bytes",
                
                "gpu_loading": "/sys/module/ged/parameters/gpu_loading",
                "gpu_block": "/sys/module/ged/parameters/gpu_block"
      }
    },
    "sched": {
    "enable": true,
    "cpumask": {
        "all": [0, 1, 2, 3, 4, 5, 6, 7],
        "c0": [0],
        "c1": [1],
        "c2": [2],
        "c3": [3],
        "c4": [4],
        "c5": [5],
        "c6": [6],
        "c7": [7]
    },
    "affinity": {
    "core1": {
            "fg": "c1",
            "bg": "c1",
            "idle": "c1",
            "touch": "c1",
            "boost": "c1"
        },
        "core7": {
            "fg": "c7",
            "bg": "c7",
            "idle": "c7",
            "touch": "c7",
            "boost": "c7"
        },
        "core6": {
            "fg": "c4",
            "bg": "c4",
            "idle": "c4",
            "touch": "c4",
            "boost": "c4"
        },
        "core0-2": {
            "fg": "c0,c1,c2",
            "bg": "c0,c1,c2",
            "idle": "c0,c1,c2",
            "touch": "c0,c1,c2",
            "boost": "c0,c1,c2"
        },
        "core6-7": {
            "fg": "c6,c7",
            "bg": "c6,c7",
            "idle": "c6,c7",
            "touch": "c6,c7",
            "boost": "c6,c7"
        },
        "core4-5": {
            "fg": "c4,c5",
            "bg": "c4,c5",
            "idle": "c4,c5",
            "touch": "c4,c5",
            "boost": "c4,c5"
        },
        "core5": {
            "fg": "c5",
            "bg": "c5",
            "idle": "c5",
            "touch": "c5",
            "boost": "c5"
        },
        "core0-1": {
            "fg": "c0,c1",
            "bg": "c0,c1",
            "idle": "c0,c1",
            "touch": "c0,c1",
            "boost": "c0,c1"
        },
       "core0-5": {
            "fg": "c0,c1,c2,c3,c4,c5",
            "bg": "c0,c1,c2,c3,c4,c5",
            "idle": "c0,c1,c2,c3,c4,c5",
            "touch": "c0,c1,c2,c3c4,c5",
            "boost": "c0,c1,c2,c3c4,c5"
        },
        "core4-6": {
            "fg": "c4,c5,c6",
            "bg": "c4,c5,c6",
            "idle": "c4,c5,c6",
            "touch": "c4,c5,c6",
            "boost": "c4,c5,c6"
        },
        "core2-3": {
            "fg": "c2,c3",
            "bg": "c2,c3",
            "idle": "c2,c3",
            "touch": "c2,c3",
            "boost": "c2,c3"
        },
        "core0-3": {
            "fg": "c0,c1,c2,c3",
            "bg": "c0,c1,c2,c3",
            "idle": "c0,c1,c2,c3",
            "touch": "c0,c1,c2,c3",
            "boost": "c0,c1,c2,c3"
        },
        "core3-4": {
            "fg": "c3,c4",
            "bg": "c3,c4",
            "idle": "c3,c4",
            "touch": "c3,c4",
            "boost": "c3,c4"
        },
        "auto": {
            "fg": "all",
            "bg": "all",
            "idle": "all",
            "touch": "all",
            "boost": "all"
        },
        "norm": {
            "fg": "all",
            "bg": "all",
            "idle": "all",
            "touch": "all",
            "boost": "all"
        },
        "bg": {
            "fg": "c0,c1,c2,c3",
            "bg": "c0,c1,c2,c3",
            "idle": "c0,c1,c2,c3",
            "touch": "c0,c1,c2,c3",
            "boost": "c0,c1,c2,c3"
        },
        "ui": {
            "fg": "all",
            "bg": "c0,c1,c2,c3",
            "idle": "c0,c1,c2,c3",
            "touch": "c0,c1,c2,c3",
            "boost": "all"
        },
        "crit": {
            "fg": "all",
            "bg": "c0,c1,c2,c3",
            "idle": "c0,c1,c2,c3",
            "touch": "c0,c1,c2,c3",
            "boost": "c0,c1,c2,c3"
        },
        "gtcoop": {
            "fg": "all",
            "bg": "c0,c1,c2,c3",
            "idle": "c0,c1,c2,c3",
            "touch": "c0,c1,c2,c3",
            "boost": "all"
        },
        "gtmain": {
            "fg": "all",
            "bg": "c0,c1,c2,c3",
            "idle": "c0,c1,c2,c3",
            "touch": "c7",
            "boost": "all"
        }
    },
    "prio": {
        "auto": {
            "bg": 0,
            "fg": 0,
            "idle": 0,
            "touch": 0,
            "boost": 0
        },
        "bg": {
            "bg": -3,
            "fg": 139,
            "idle": 139,
            "touch": 139,
            "boost": 139
        },
        "norm": {
            "bg": -1,
            "fg": -1,
            "idle": 120,
            "touch": 120,
            "boost": 130
        },
        "coop": {
            "bg": -3,
            "fg": 124,
            "idle": 122,
            "touch": 122,
            "boost": 130
        },
        "ui": {
            "bg": -3,
            "fg": 120,
            "idle": 110,
            "touch": 98,
            "boost": 116
        },
        "rtusr": {
            "bg": 98,
            "fg": 98,
            "idle": 97,
            "touch": 97,
            "boost": 98
        },
        "rtsys": {
            "bg": 97,
            "fg": 97,
            "idle": 96,
            "touch": 96,
            "boost": 97
        }
    },
            "rules": [
            {
    "name": "低",
    "regex": "^com.movie.hhdfly",
    "pinned": false,
    "rules": [
        {
            "k": "/MAIN_THREAD/",
            "ac": "core0-3",
            "pc": "norm"
        },
        {
            "k": "^(RenderThread|GLThread)",
            "ac": "core4-5",
            "pc": "norm"
        },
        {
            "k": "^(Job.Worker|NativeThread)",
            "ac": "core0-3",
            "pc": "bg"
        }
    ]
},
{
    "name": "超高",
    "regex": "com.netease.yyslscn|com.netease.mc.m4399",
    "pinned": false,
    "rules": [
        {
            "k": "/MAIN_THREAD/",
            "ac": "core7",
            "pc": "rtusr"
        },
        {
            "k": "^(RenderThread|GLThread)",
            "ac": "core4-6",
            "pc": "ui"
        },
        {
            "k": "^(Job.Worker|NativeThread)",
            "ac": "core4-5",
            "pc": "norm"
        },
        {
            "k": "^(AudioThread|DecoderThread)",
            "ac": "core0-3",
            "pc": "bg"
        }
    ]
},
            {
    "name": "较高",
    "regex": "^com.netease.yyslscn|com.miHoYo.Yuanshen",
    "pinned": false,
    "rules": [
        {
            "k": "/MAIN_THREAD/",
            "ac": "core7",
            "pc": "ui"
        },
        {
            "k": "^(RenderThread|GLThread)",
            "ac": "core4-6",
            "pc": "norm"
        },
        {
            "k": "^(Job.Worker|NativeThread)",
            "ac": "core4-5",
            "pc": "bg"
        },
        {
            "k": "^(AudioThread|DecoderThread)",
            "ac": "core0-3",
            "pc": "bg"
        }
    ]
},
                {
    "name": "游戏2*均衡",
    "regex": "^com.tencent.tmgp.sgamece|com.tencent.tmgp.sgame|com.tencent.tmgp.c|com.tencent.tmgp.pubgmhdf",
    "pinned": false,
    "rules": [
        {
            "k": "/MAIN_THREAD/",
            "ac": "core7",
            "pc": "rtusr"
        },
        {
            "k": "^(RenderThread|GLThread)",
            "ac": "core4-6",
            "pc": "ui"
        },
        {
            "k": "^(Job.Worker|NativeThread)",
            "ac": "core0-5",
            "pc": "bg"
        },
        {
            "k": "^(AudioThread|DecoderThread)",
            "ac": "core0-3",
            "pc": "bg"
        }
    ]
},
             {
    "name": "All Scanners",
    "regex": ".*Scan.*|.*Scanner.*",
    "pinned": true,
    "rules": [
        {
            "k": "/MAIN_THREAD/",
            "ac": "crit",
            "pc": "rtusr"
        },
        {
            "k": "^(RenderThread|GLThread)",
            "ac": "crit",
            "pc": "rtusr"
        },
        {
            "k": "^(GPU completion|HWC release|hwui|FramePolicy|ScrollPolicy|ged-swd)",
            "ac": "bg",
            "pc": "rtusr"
        },
        {
            "k": ".",
            "ac": "auto",
            "pc": "auto"
        }
    ]
},
                {
                    "name": "Launcher",
                    "regex": "/HOME_PACKAGE/",
                    "pinned": true,
                    "rules": [
                        {
                            "k": "/MAIN_THREAD/",
                            "ac": "crit",
                            "pc": "rtusr"
                        },
                        {
                            "k": "^(RenderThread|GLThread)",
                            "ac": "crit",
                            "pc": "rtusr"
                        },
                        {
                            "k": "^(GPU completion|HWC release|hwui|FramePolicy|ScrollPolicy|ged-swd)",
                            "ac": "bg",
                            "pc": "rtusr"
                        },
                        {
                            "k": ".",
                            "ac": "auto",
                            "pc": "auto"
                        }
                    ]
                },
                {
                    "name": "SurfaceFlinger",
                    "regex": "/system/bin/surfaceflinger",
                    "pinned": true,
                    "rules": [
                        {
                            "k": "/MAIN_THREAD/",
                            "ac": "crit",
                            "pc": "auto"
                        },
                        {
                            "k": "^(app|RenderEngine)",
                            "ac": "crit",
                            "pc": "auto"
                        },
                        {
                            "k": "^Binder:",
                            "ac": "auto",
                            "pc": "auto"
                        },
                        {
                            "k": ".",
                            "ac": "bg",
                            "pc": "auto"
                        }
                    ]
                },
                {
                    "name": "内核级优化",
                    "regex": "system_server|surfaceflinger",
                    "pinned": true,
                    "rules": [
                        {
                            "k": "InputDispatcher",
                            "ac": "core7",
                            "pc": "rtsys",
                            "interrupt_boost": true
                        },
                        {
                            "k": "RenderEngine",
                            "ac": "core6-7",
                            "pc": "rtusr",
                            "gpu_burst": "2ms"
                        },
                        {
                            "k": "ActivityManager",
                            "ac": "core5",
                            "pc": "ui",
                            "memlock": "512MB"
                        }
                    ]
                },
                {
                    "name": "SystemServer",
                    "regex": "system_server",
                    "pinned": true,
                    "rules": [
                        {
                            "k": "^(TaskSnapshot|Greezer|CachedApp|SystemPressure|SensorService)|[Mm]emory",
                            "ac": "bg",
                            "pc": "auto"
                        },
                        {
                            "k": "^Async",
                            "ac": "auto",
                            "pc": "norm"
                        },
                        {
                            "k": ".",
                            "ac": "auto",
                            "pc": "auto"
                        }
                    ]
                },
                {
                    "name": "Background Limiter+",
                    "regex": "com.tencent.mm:tools|com.aliyun.doc|.pushservice|.daemon|.service|.sync|.update|.download|.analytics",
                    "pinned": true,
                    "rules": [
                        {
                            "k": ".",
                            "ac": "core0-1",
                            "pc": "bg",
                            "cpu_quota": "25%",
                            "io_weight": 8,
                            "sched_policy": "batch"
                        }
                    ]
                },
                {
                    "name": "推送服务限制",
                    "regex": "com.xiaomi.xmsf|com.huawei.android.pushagent|com.coloros.mcssdk|com.vivo.push|com.google.android.gms.persistent",
                    "pinned": true,
                    "rules": [
                        {
                            "k": ".",
                            "ac": "core0-1",
                            "pc": "bg",
                            "cpu_quota": "20%",
                            "io_weight": 5
                        }
                    ]
                },
                {
                    "name": "Dynamic Response",
                    "regex": "/LAUNCHER_PACKAGE/|com.android.systemui",
                    "pinned": true,
                    "rules": [
                        {
                            "k": "InputDispatcher",
                            "ac": "core3-4",
                            "pc": "ui",
                            "dynamic_boost": {
                                "duration": 1200,
                                "freq_boost": "+15%"
                            }
                        }
                    ]
                },
                {
                    "name": "VideoPlay v2",
                    "regex": "com.ss.android.ugc.aweme|tv.danmaku.bili",
                    "pinned": true,
                    "rules": [
                        {
                            "k": "DecoderThread",
                            "ac": "core2-3",
                            "pc": "norm",
                            "avx_opt": true,
                            "mem_policy": "lowlatency"
                        },
                        {
                            "k": "AudioTrack",
                            "ac": "core1",
                            "pc": "bg",
                            "sched_policy": "batch"
                        }
                    ]
                },
                {
                    "name": "SystemUI",
                    "regex": "com.android.systemui",
                    "pinned": true,
                    "rules": [
                        {
                            "k": "/MAIN_THREAD/",
                            "ac": "core4-5",
                            "pc": "ui"
                        },
                        {
                            "k": "^(RenderThread|GLThread)",
                            "ac": "core4-5",
                            "pc": "ui"
                        },
                        {
                            "k": "^(Jit thread pool|HeapTaskDaemon|FinalizerDaemon|ReferenceQueueD)",
                            "ac": "core0-1",
                            "pc": "bg",
                            "cpu_quota": "30%"
                        },
                        {
                            "k": "^(NotificationThread|StatusBarThread|NavBarThread)",
                            "ac": "core0-3",
                            "pc": "bg"
                        },
                        {
                            "k": ".",
                            "ac": "auto",
                            "pc": "auto"
                        }
                    ]
                },
                {
                    "name": "MediaProvider",
                    "regex": "^com.android.providers.media",
                    "pinned": true,
                    "rules": [
                        {
                            "k": ".",
                            "ac": "auto",
                            "pc": "bg"
                        }
                    ]
                },
                {
                    "name": "Memory reclaim",
                    "regex": "swapd|compactd",
                    "pinned": true,
                    "rules": [
                        {
                            "k": ".",
                            "ac": "auto",
                            "pc": "bg"
                        }
                    ]
                },
                {
                    "name": "Phone",
                    "regex": "com.android.phone",
                    "pinned": false,
                    "rules": [
                        {
                            "k": ".",
                            "ac": "auto",
                            "pc": "auto"
                        }
                    ]
                },
                {
                    "name": "Other system processes",
                    "regex": "^(/system|/vendor|magiskd|zygiskd)|@|-service$",
                    "pinned": false,
                    "rules": [
                        {
                            "k": ".",
                            "ac": "auto",
                            "pc": "auto"
                        }
                    ]
                },
                {
                    "name": "App co-process",
                    "regex": "[.].+:",
                    "pinned": false,
                    "rules": [
                        {
                            "k": "^(Jit thread pool|HeapTaskDaemon|FinalizerDaemon|ReferenceQueueD)",
                            "ac": "bg",
                            "pc": "auto"
                        }
                    ]
                },
                {
                    "name": "社交媒体应用优化",
                    "regex": "^com.whatsapp|^com.facebook.katana|^com.instagram.android|^com.twitter.android|^com.snapchat.android|^com.tencent.mm|^com.tencent.mobileqq",
                    "pinned": true,
                    "rules": [
                        {
                            "k": "/MAIN_THREAD/",
                            "ac": "core4-5",
                            "pc": "ui"
                        },
                        {
                            "k": "^(RenderThread|GLThread)",
                            "ac": "core4-5",
                            "pc": "ui"
                        },
                        {
                            "k": "^(ImageLoader|ImageFetcher|NetworkThread|DownloadThread)",
                            "ac": "core0-2",
                            "pc": "bg",
                            "cpu_quota": "40%"
                        },
                        {
                            "k": "^(OkHttp|AsyncTask|ThreadPoolExecutor|DispatchThread)",
                            "ac": "core0-2",
                            "pc": "bg",
                            "io_weight": 10
                        },
                        {
                            "k": "^(MessageSync|PushService|NotificationService)",
                            "ac": "core0-1",
                            "pc": "bg",
                            "cpu_quota": "30%"
                        },
                        {
                            "k": ".",
                            "ac": "auto",
                            "pc": "auto"
                        }
                    ]
                },
                {
                    "name": "浏览器应用优化",
                    "regex": "^com.android.chrome|^com.brave.browser|^org.mozilla.firefox|^com.opera.browser|^com.microsoft.emmx|^com.UCMobile|^com.uc.browser.en",
                    "pinned": true,
                    "rules": [
                        {
                            "k": "/MAIN_THREAD/",
                            "ac": "core4-5",
                            "pc": "ui"
                        },
                        {
                            "k": "^(Chrome_InProc|CrRendererMain|CrGpuMain|CompositorTile)",
                            "ac": "core4-5",
                            "pc": "ui"
                        },
                        {
                            "k": "^(NetworkService|IOThread|MemoryInfra|ThreadPool)",
                            "ac": "core0-2",
                            "pc": "bg",
                            "cpu_quota": "35%"
                        },
                        {
                            "k": "^(CacheThread|DiskCache|HistoryThread)",
                            "ac": "core0-2",
                            "pc": "bg",
                            "io_weight": 10
                        },
                        {
                            "k": "^(TabManager|JavaBridge|V8|JsEngine)",
                            "ac": "core0-3",
                            "pc": "bg"
                        },
                        {
                            "k": ".",
                            "ac": "auto",
                            "pc": "auto"
                        }
                    ]
                },
                {
                    "name": "电子邮件应用优化",
                    "regex": "^com.google.android.gm|^com.microsoft.office.outlook|^com.samsung.android.email.provider",
                    "pinned": true,
                    "rules": [
                        {
                            "k": "/MAIN_THREAD/",
                            "ac": "core4-5",
                            "pc": "ui"
                        },
                        {
                            "k": "^(RenderThread|GLThread)",
                            "ac": "core4-5",
                            "pc": "ui"
                        },
                        {
                            "k": "^(SyncThread|MailboxObserver|AttachmentLoader)",
                            "ac": "core0-3",
                            "pc": "bg"
                        },
                        {
                            "k": ".",
                            "ac": "auto",
                            "pc": "auto"
                        }
                    ]
                },
                {
                    "name": "地图应用优化",
                    "regex": "^com.google.android.apps.maps|^com.autonavi.minimap|^com.baidu.BaiduMap",
                    "pinned": true,
                    "rules": [
                        {
                            "k": "/MAIN_THREAD/",
                            "ac": "core4-6",
                            "pc": "ui"
                        },
                        {
                            "k": "^(RenderThread|GLThread|MapRenderThread)",
                            "ac": "core4-6",
                            "pc": "ui"
                        },
                        {
                            "k": "^(LocationThread|NavigationService|RouteCalculation)",
                            "ac": "core4-5",
                            "pc": "norm"
                        },
                        {
                            "k": "^(TileLoader|CacheManager|DownloadManager)",
                            "ac": "core0-3",
                            "pc": "bg"
                        },
                        {
                            "k": ".",
                            "ac": "auto",
                            "pc": "auto"
                        }
                    ]
                },
                {
                    "name": "音乐应用优化",
                    "regex": "^com.spotify.music|^com.apple.android.music|^com.netease.cloudmusic|^com.kugou.android",
                    "pinned": true,
                    "rules": [
                        {
                            "k": "/MAIN_THREAD/",
                            "ac": "core4-5",
                            "pc": "ui"
                        },
                        {
                            "k": "^(AudioThread|PlaybackThread|MusicService)",
                            "ac": "core4-5",
                            "pc": "norm"
                        },
                        {
                            "k": "^(CacheThread|DownloadManager|AlbumArtLoader)",
                            "ac": "core0-3",
                            "pc": "bg"
                        },
                        {
                            "k": ".",
                            "ac": "auto",
                            "pc": "auto"
                        }
                    ]
                },
                {
                    "name": "Default rule",
                    "regex": ".",
                    "pinned": false,
                    "rules": [
                        {
                            "k": "/MAIN_THREAD/",
                            "ac": "core4-5",
                            "pc": "ui"
                        },
                        {
                            "k": "^(UnityMain|RenderThread |GameThread)",
                            "ac": "gtmain",
                            "pc": "auto"
                        },
                        {
                            "k": "^(Unity|Worker Thread|TaskGraph|RHIThread|GLThread|Thread-|Job.Worker)",
                            "ac": "gtcoop",
                            "pc": "auto"
                        },
                        {
                            "k": "^(RenderThread|JNISurfaceText|IJK_External_Re)|[Aa]nim|([.]raster|[.]ui)$",
                            "ac": "core4-5",
                            "pc": "ui"
                        },
                        {
                            "k": "^(Chrome_InProc|CrRendererMain|CrGpuMain|CompositorTile)",
                            "ac": "core4-5",
                            "pc": "ui"
                        },
                        {
                            "k": "^(Viz|Chrome_|Compositor)|[Vv]sync|mali-",
                            "ac": "core4-5",
                            "pc": "ui"
                        },
                        {
                            "k": "^(OkHttp|Ysa|Xqa|Rx|APM|TVKDL-|tp-|cgi-|ODCP-|Bugly|xlog_)",
                            "ac": "core0-2",
                            "pc": "bg",
                            "cpu_quota": "30%"
                        },
                        {
                            "k": "^(xg_vip_service|Profile|SearchDaemon|default_matrix|FrameDecoder|FrameSeq)",
                            "ac": "core0-2",
                            "pc": "bg",
                            "cpu_quota": "30%"
                        },
                        {
                            "k": "^(GPU completion|HWC release|hwui|FramePolicy|ScrollPolicy|ged-swd)",
                            "ac": "core0-3",
                            "pc": "rtusr"
                        },
                        {
                            "k": "^(JS|libweexjsb|WeexJsBridge|mqt_native|mqt_js|JavaScriptTh)",
                            "ac": "core0-3",
                            "pc": "coop"
                        },
                        {
                            "k": "^(pool-|glide-|launcher-|Fresco)|[Dd]ownload|[Ss]chedule|[Ww]ork|[Pp]ool|[Dd]efau",
                            "ac": "core0-3",
                            "pc": "coop"
                        },
                        {
                            "k": "^(Jit thread pool|HeapTaskDaemon|FinalizerDaemon|ReferenceQueueD)",
                            "ac": "core0-1",
                            "pc": "bg",
                            "cpu_quota": "25%"
                        },
                        {
                            "k": ".",
                            "ac": "core0-3",
                            "pc": "auto"
                        }
                    ]
                }
            ]
        }
    },
    "initials": {
        "cpu": {
            "baseSampleTime": 0.01,
            "baseSlackTime": 0.01,
            "latencyTime": 0.5,
            "slowLimitPower": 3.0,
            "fastLimitPower": 6.0,
            "fastLimitCapacity": 10.0,
            "fastLimitRecoverScale": 0.3,
            "predictThd": 0.3,
            "margin": 0.25,
            "burst": 0.0,
            "guideCap": true,
            "limitEfficiency": false
        },
        "sysfs": {
            "cpusetTa": "0-7",
            "cpusetFg": "0-5",
            "cpusetBg": "0-1",
            "cpusetSysBg": "0-3",
            "cpusetRe": "0-3",
            "scaling_min_freq0": "300000",
            "scaling_max_freq0": "1500000",
            "scaling_min_freq6": "300000",
            "scaling_max_freq6": "2000000",
            "4core": "1",
            "5core": "1",
            "7core": "1",
            "6core": "1",
            "thermal_policy": "1",
            "gpu_dvfs": "1",
            "io_sched": "noop",
            "io_readahead": "64",
            "scaling_governor0": "schedutil",
            "scaling_governor6": "schedutil",
            "gpu_freq_min": "300000",
            "gpu_freq_max": "800000",
            "sched_migrate_cost_ns": "800000",
            "sched_min_granularity_ns": "1500000",
            "vm_dirty_ratio": "20",
            "vm_dirty_background_ratio": "5",
            "vm_swappiness": "60",
            "sched_child_runs_first": "0",
            "sched_tunable_scaling": "1",
            "tcp_congestion_control": "cubic",
            "tcp_limit_output_bytes": "262144",
            "gpu_loading": "1",
            "gpu_block": "10",
            "zram_disksize": "1073741824",
            "zram_comp_algorithm": "lz4"
        },
        "sched": {
            "scene": "idle"
        }
    },
    "presets": {
        "balance": {
            "*": {
                "cpu.latencyTime": 0.0,
                "cpu.slowLimitPower": 1.2,
                "cpu.fastLimitPower": 1.1,
                "cpu.fastLimitCapacity": 3.0,
                "cpu.margin": 0.1,
                "sysfs.4core": "1",
                "sysfs.5core": "1",
                "sysfs.7core": "1",
                "sysfs.6core": "1",
                "sysfs.scaling_governor0": "schedutil",
                "sysfs.scaling_governor6": "schedutil",
                "sysfs.scaling_min_freq0": "300000",
                "sysfs.scaling_max_freq0": "1500000",
                "sysfs.scaling_min_freq6": "300000",
                "sysfs.scaling_max_freq6": "2000000",
                "sysfs.gpu_freq_min": "300000",
                "sysfs.gpu_freq_max": "800000",
                "sysfs.sched_migrate_cost_ns": "800000",
                "sysfs.sched_min_granularity_ns": "1500000",
                "sysfs.vm_swappiness": "60",
                "sysfs.vm_dirty_ratio": "20",
                "sysfs.vm_dirty_background_ratio": "5",
                "sysfs.thermal_policy": "1",
                "sysfs.io_sched": "kyber",
                "sysfs.io_readahead": "128",
                "sysfs.gpu_dvfs": "1",
                "sysfs.sched_child_runs_first": "0",
                "sysfs.sched_tunable_scaling": "1",
                "sysfs.tcp_congestion_control": "cubic",
                "sysfs.tcp_limit_output_bytes": "262144",
                "sysfs.gpu_loading": "1",
                "sysfs.gpu_block": "10",
                "sysfs.zram_disksize": "1073741824",
                "sysfs.zram_comp_algorithm": "lz4"
            },
            "idle": {
                "cpu.baseSampleTime": 0.04,
                "cpu.baseSlackTime": 0.08,
                "cpu.predictThd": 1.0,
                "cpu.limitEfficiency": true,
                "sched.scene": "idle"
            },
            "touch": {
                "cpu.baseSampleTime": 0.04,
                "sched.scene": "touch"
            },
            "trigger": {
                "cpu.latencyTime": 0.0,
                "cpu.margin": 0.3,
                "sched.scene": "touch"
            },
            "gesture": {
                "cpu.margin": 0.6,
                "sched.scene": "touch"
            },
            "junk": {
                "cpu.burst": 0.3,
                "sched.scene": "touch"
            },
            "switch": {
                "cpu.latencyTime": 0.0,
                "cpu.slowLimitPower": 1.2,
                "cpu.fastLimitPower": 2.7,
                "cpu.fastLimitRecoverScale": 0.1,
                "cpu.margin": 0.2,
                "sched.scene": "boost"
            }
        },
        "powersave": {
            "*": {
                "cpu.latencyTime": 0.0,
                "cpu.slowLimitPower": 0.8,
                "cpu.fastLimitPower": 0.9,
                "cpu.fastLimitCapacity": 3.0,
                "cpu.margin": 0.03,
                "sysfs.4core": "1",
                "sysfs.5core": "0",
                "sysfs.7core": "1",
                "sysfs.6core": "0",
                "sysfs.scaling_governor0": "schedutil",
                "sysfs.scaling_governor6": "schedutil",
                "sysfs.scaling_min_freq0": "300000",
                "sysfs.scaling_max_freq0": "1500000",
                "sysfs.scaling_min_freq6": "300000",
                "sysfs.scaling_max_freq6": "2000000",
                "sysfs.gpu_freq_min": "200000",
                "sysfs.gpu_freq_max": "400000",
                "sysfs.sched_migrate_cost_ns": "1500000",
                "sysfs.sched_min_granularity_ns": "3000000",
                "sysfs.vm_swappiness": "180",
                "sysfs.vm_dirty_ratio": "3",
                "sysfs.vm_dirty_background_ratio": "1",
                "sysfs.thermal_policy": "3",
                "sysfs.io_sched": "none",
                "sysfs.io_readahead": "16",
                "sysfs.sched_child_runs_first": "1",
                "sysfs.sched_tunable_scaling": "0",
                "sysfs.tcp_congestion_control": "cubic",
                "sysfs.tcp_limit_output_bytes": "262144",
                "sysfs.gpu_loading": "0",
                "sysfs.gpu_block": "20"
            },
            "idle": {
                "cpu.baseSampleTime": 0.04,
                "cpu.baseSlackTime": 0.08,
                "cpu.predictThd": 1.0,
                "cpu.limitEfficiency": true,
                "sched.scene": "idle"
            },
            "touch": {
                "cpu.baseSampleTime": 0.04,
                "sched.scene": "touch"
            },
            "trigger": {
                "cpu.latencyTime": 0.0,
                "cpu.margin": 0.3,
                "sched.scene": "touch"
            },
            "gesture": {
                "cpu.margin": 0.6,
                "sched.scene": "touch"
            },
            "junk": {
                "cpu.burst": 0.3,
                "sched.scene": "touch"
            },
            "switch": {
                "cpu.latencyTime": 0.0,
                "cpu.slowLimitPower": 1.2,
                "cpu.fastLimitPower": 2.7,
                "cpu.fastLimitRecoverScale": 0.1,
                "cpu.margin": 0.2,
                "sched.scene": "boost"
            }
        },
        "performance": {
            "*": {
                "cpu.latencyTime": 0.0,
                "cpu.slowLimitPower": 4.0,
                "cpu.fastLimitPower": 10.0,
                "cpu.fastLimitCapacity": 360.0,
                "cpu.margin": 0.4,
                "sysfs.scaling_governor0": "schedutil",
                "sysfs.scaling_governor6": "schedutil",
                "sysfs.scaling_min_freq0": "300000",
                "sysfs.scaling_max_freq0": "1500000",
                "sysfs.scaling_min_freq6": "300000",
                "sysfs.scaling_max_freq6": "2000000",
                "sysfs.gpu_freq_min": "400000",
                "sysfs.gpu_freq_max": "950000",
                "sysfs.sched_migrate_cost_ns": "500000",
                "sysfs.sched_min_granularity_ns": "1000000",
                "sysfs.vm_swappiness": "80",
                "sysfs.vm_dirty_ratio": "30",
                "sysfs.vm_dirty_background_ratio": "10",
                "sysfs.thermal_policy": "1",
                "sysfs.io_sched": "ssg",
                "sysfs.io_readahead": "128",
                "sysfs.sched_child_runs_first": "0",
                "sysfs.sched_tunable_scaling": "1",
                "sysfs.tcp_congestion_control": "bbr",
                "sysfs.tcp_limit_output_bytes": "524288",
                "sysfs.gpu_loading": "1",
                "sysfs.gpu_block": "0"
            },
            "idle": {
                "cpu.baseSampleTime": 0.01,
                "cpu.baseSlackTime": 0.04,
                "sched.scene": "idle"
            },
            "touch": {
                "sched.scene": "touch"
            },
            "trigger": {
                "cpu.margin": 0.8,
                "sched.scene": "touch"
            },
            "gesture": {
                "cpu.margin": 0.8,
                "sched.scene": "touch"
            },
            "junk": {
                "cpu.burst": 0.5,
                "sched.scene": "touch"
            },
            "switch": {
                "cpu.burst": 0.2,
                "sched.scene": "boost"
            }
        },
        "fast": {
            "*": {
                "cpu.latencyTime": 0.0,
                "cpu.slowLimitPower": 999,
                "cpu.fastLimitPower": 999,
                "cpu.fastLimitCapacity": 999,
                "cpu.margin": 0.8,
                "sysfs.scaling_governor0": "schedutil",
                "sysfs.scaling_governor6": "schedutil",
                "sysfs.scaling_min_freq0": "300000",
                "sysfs.scaling_max_freq0": "1500000",
                "sysfs.scaling_min_freq6": "300000",
                "sysfs.scaling_max_freq6": "2000000",
                "sysfs.gpu_freq_min": "550000",
                "sysfs.gpu_freq_max": "950000",
                "sysfs.sched_migrate_cost_ns": "500000",
                "sysfs.sched_min_granularity_ns": "1000000",
                "sysfs.vm_swappiness": "100",
                "sysfs.vm_dirty_ratio": "30",
                "sysfs.vm_dirty_background_ratio": "10",
                "sysfs.thermal_policy": "0",
                "sysfs.io_sched": "mq-deadline",
                "sysfs.io_readahead": "128",
                "sysfs.sched_child_runs_first": "0",
                "sysfs.sched_tunable_scaling": "0",
                "sysfs.tcp_congestion_control": "bbr",
                "sysfs.tcp_limit_output_bytes": "1048576",
                "sysfs.gpu_loading": "1",
                "sysfs.gpu_block": "0"
            },
            "idle": {
                "sched.scene": "idle"
            },
            "touch": {
                "sched.scene": "touch"
            },
            "trigger": {
                "sched.scene": "touch"
            },
            "gesture": {
                "sched.scene": "touch"
            },
            "junk": {
                "sched.scene": "touch"
            },
            "switch": {
                "sched.scene": "boost"
            }
        }
    }
}